0,3.325701691
0,3.325701691
0,3.325701691
1.97628E-05,3.325701691
6.917E-05,3.325701691
0.000217391,3.325701691
0.000424901,3.325701691
0.000533597,3.325701691
0.000790514,3.325701691
0.000938735,3.325701691
0.001215415,3.325701691
0.001551383,3.325701691
0.001709486,3.325701691
0.002025692,3.325701691
0.002322134,3.325701691
0.002470356,3.325701691
0.002806324,3.325701691
0.003142292,3.372811554
0.003280632,3.372811554
0.003577075,3.465758041
0.003883399,3.559977767
0.004031621,3.60708763
0.004347826,3.74714398
0.00451581,3.841363706
0.004822134,4.075639783
0.005177866,4.355752483
0.005335968,4.542918696
0.005642292,4.918524361
0.005928854,5.387076514
0.006086957,5.667189214
0.006393281,6.277070956
0.006709486,6.932789321
0.006857708,7.307121747
0.007164032,8.102896463
0.0075,8.945781041
0.007667984,9.321386707
0.007974308,10.16427129
0.008112648,10.63282344
0.008399209,11.52281788
0.008725296,12.50575881
0.008893281,12.97431096
0.009219368,14.00436175
0.009525692,15.03568578
0.009703557,15.55007456
0.010019763,16.62850845
0.010316206,17.70566911
0.010454545,18.26716775
0.01076087,19.48565799
0.010909091,20.14137636
0.011225296,21.40570323
0.011501976,22.71713996
0.011640316,23.37285832
0.01194664,24.73140492
0.012252964,26.08995151
0.012391304,26.7915065
0.012687747,28.19716296
0.012994071,29.6957659
0.013132411,30.44570399
0.013468379,31.94430694
0.013646245,32.69424503
0.013952569,34.28579446
0.01423913,35.87861713
0.014387352,36.67566509
0.014713439,38.17426803
0.015039526,39.62576111
0.015197628,40.42280907
0.015513834,41.92141201
0.015820158,43.46712482
0.015968379,44.26289953
0.016264822,45.80861234
0.016590909,47.40143501
0.016768775,48.19720973
0.017094862,49.7900324
0.017243083,50.63291698
0.017529644,52.22573965
0.01784585,54.00572853
0.018023715,54.84861311
0.018349802,56.62860199
0.018636364,58.31437115
0.018774704,59.20436559
0.019081028,60.84429812
0.019426877,62.43712079
0.019594862,63.23289551
0.019901186,64.77860832
0.020187747,66.27721126
0.020326087,67.02714935
0.020652174,68.43280581
0.020820158,69.08852418
0.021136364,70.39996091
0.021422925,71.66428778
0.021581028,72.32000614
0.021926877,73.67855274
0.022233202,75.08293595
0.022371542,75.83287404
0.022667984,77.37858685
0.022994071,79.01851939
0.023171937,79.86140396
0.023478261,81.64139285
0.023774704,83.51432822
0.023922925,84.59148887
0.024249012,86.74581018
0.024426877,87.82424408
0.024733202,90.07151187
0.025019763,92.41427264
0.025158103,93.58437978
0.025464427,95.92714054
0.025780632,98.31573793
0.025948617,99.53295493
0.026274704,101.9228256
0.026600791,104.3585328
0.026749012,105.5286399
0.027065217,107.8714007
0.027371542,110.025722
0.027529644,111.1499925
0.02784585,113.3514237
0.027994071,114.4285844
0.028300395,116.6300155
0.028616601,118.8314467
0.028784585,119.9086074
0.029110672,122.1100385
0.029416996,124.2643598
0.029555336,125.3415205
0.029851779,127.4971151
0.030148221,129.7914927
0.030316206,130.9628731
0.03062253,133.3514705
0.030918972,135.7400679
0.031057312,136.9114482
0.031353755,139.2529358
0.031511858,140.471426
0.031798419,142.8129135
0.032075099,145.1544011
0.032233202,146.3257814
0.032549407,148.6685422
0.032875494,151.0571396
0.033033597,152.2272467
0.033320158,154.5700075
0.033626482,156.6772189
0.033794466,157.708543
0.034130435,159.8157544
0.034436759,161.9229659
0.034565217,162.9542899
0.034871542,165.0615013
0.035059289,166.138662
0.035395257,168.2471467
0.035701581,170.3072483
0.035839921,171.3844089
0.036126482,173.4928936
0.036442688,175.6001051
0.036620553,176.7714854
0.03694664,179.1600828
0.037233202,181.5028436
0.037371542,182.7200606
0.037697628,185.108658
0.038033597,187.4972554
0.038181818,188.7157456
0.038458498,191.1514529
0.038586957,192.3686699
0.038873518,194.851487
0.039160079,197.3343041
0.039318182,198.5515211
0.039624506,200.8942818
0.03993083,203.1415496
0.040079051,204.2658202
0.040375494,206.5143612
0.040671937,208.7157924
0.040839921,209.8400629
0.041185771,212.0886039
0.041501976,214.2900351
0.041660079,215.4143056
0.04194664,217.6157368
0.042094862,218.6928974
0.042420949,220.8943286
0.042737154,223.1428697
0.042885375,224.3600867
0.0431917,226.748684
0.043527668,229.1372814
0.043685771,230.3086618
0.044001976,232.6972592
0.044278656,235.0858566
0.044436759,236.257237
0.044772727,238.5999977
0.04493083,239.7701049
0.045247036,242.1587023
0.045533597,244.501463
0.0456917,245.6715702
0.046027668,248.0143309
0.046363636,250.1215424
0.046501976,251.1528664
0.046778656,253.212968
0.04708498,255.3214527
0.047252964,256.3515035
0.047588933,258.3657684
0.047895257,260.3800334
0.048043478,261.3629743
0.048379447,263.3301294
0.048547431,264.3143436
0.048833992,266.2343888
0.049120553,268.1085974
0.049258893,269.1857581
0.04958498,271.2458597
0.049920949,273.2601246
0.050088933,274.2443388
0.05041502,276.2114939
0.050711462,278.1315391
0.050849802,279.0686434
0.051156126,280.8957422
0.051472332,282.7215677
0.051640316,283.6115621
0.051966403,285.3444411
0.052124506,286.1885989
0.052440711,287.8272582
0.052737154,289.3729711
0.052885375,290.0757993
0.053201581,291.4814557
0.053527668,292.8387291
0.053695652,293.5415573
0.054001976,294.8529941
0.054328063,296.1185942
0.054476285,296.7272027
0.054772727,297.9915295
0.055049407,299.1629099
0.05520751,299.7715184
0.055523715,300.8957889
0.055671937,301.5043974
0.055978261,302.7687243
0.056284585,303.9872145
0.056442688,304.595823
0.056758893,305.7672034
0.057065217,306.9373106
0.057213439,307.5471923
0.057509881,308.6714628
0.057806324,309.7486235
0.057964427,310.3101221
0.05826087,311.3872828
0.058567194,312.4644434
0.058705534,312.9801054
0.059021739,313.9172098
0.059179842,314.338652
0.059496047,315.2757563
0.05979249,316.1657508
0.059960474,316.6343029
0.060266798,317.5230241
0.060563241,318.367182
0.060711462,318.8357341
0.061017787,319.6786187
0.061353755,320.5215033
0.061531621,320.9429456
0.061857708,321.7858301
0.06215415,322.7229344
0.062302372,323.1914866
0.062618577,324.1285909
0.062786561,324.5958698
0.063092885,325.4858643
0.063399209,326.3758587
0.063547431,326.8444109
0.063863636,327.7344053
0.064160079,328.5772899
0.064328063,329.045842
0.064614625,329.8887266
0.06493083,330.778721
0.065108696,331.1543267
0.065464427,331.9029916
0.065770751,332.7000395
0.065928854,333.0743719
0.066235178,333.82431
0.066383399,334.1986425
0.06666996,334.9473073
0.066976285,335.6972454
0.067144269,336.0715778
0.0675,336.8215159
0.067816206,337.571454
0.067974308,337.9457864
0.068250988,338.6944513
0.068547431,339.5386091
0.068685771,339.9129415
0.068992095,340.7087163
0.069357708,341.5516008
0.069545455,341.9272065
0.069871542,342.7229812
0.070009881,343.0973136
0.070296443,343.8943616
0.070583004,344.6901363
0.070731225,345.065742
0.071047431,345.8144068
0.071383399,346.6114548
0.071531621,346.9857872
0.071818182,347.6415056
0.072134387,348.3443338
0.072322134,348.6715564
0.072667984,349.3272747
0.072964427,350.030103
0.073112648,350.3573255
0.073389328,351.0143171
0.073537549,351.3886496
0.073893281,352.0443679
0.074249012,352.7471962
0.074407115,353.0744187
0.074713439,353.7301371
0.074990119,354.4800752
0.075128458,354.8544076
0.07541502,355.6043457
0.075750988,356.3071739
0.075938735,356.6815063
0.076274704,357.4301712
0.076571146,358.1329994
0.076699605,358.5086051
0.076986166,359.2101601
0.07715415,359.5857657
0.0775,360.2873207
0.077816206,360.990149
0.077954545,361.3186448
0.078241107,361.9743631
0.078557312,362.6300815
0.078735178,362.9573041
0.079051383,363.5671858
0.079357708,364.2229042
0.079505929,364.5501267
0.079822134,365.1587352
0.080177866,365.8144536
0.080326087,366.0958395
0.080642292,366.7515579
0.080810277,367.0329438
0.081096838,367.6886622
0.081403162,368.3914904
0.081541502,368.718713
0.081847826,369.4215412
0.08215415,370.1243695
0.082322134,370.451592
0.082648221,371.1073104
0.082954545,371.8101386
0.083102767,372.1386344
0.083409091,372.8401894
0.083725296,373.497181
0.083883399,373.8244036
0.084179842,374.5272318
0.084328063,374.8544544
0.084683794,375.4643361
0.085029644,376.0258347
0.085197628,376.3543305
0.085494071,376.9158292
0.085790514,377.5244377
0.085938735,377.8058236
0.086235178,378.4144321
0.086581028,378.977204
0.086749012,379.2573167
0.08708498,379.8671985
0.087381423,380.4286971
0.087539526,380.710083
0.087826087,381.3658014
0.087964427,381.693024
0.088270751,382.3487423
0.088586957,382.9586241
0.088745059,383.2858466
0.089051383,383.941565
0.089397233,384.5501735
0.089565217,384.8786693
0.089891304,385.5343877
0.090177866,386.1429962
0.090326087,386.471492
0.09062253,387.0801005
0.090958498,387.6415991
0.091106719,387.9229851
0.091403162,388.4857569
0.091551383,388.7658696
0.09187747,389.3286415
0.092203557,389.8901401
0.092351779,390.1715261
0.09263834,390.7330247
0.092924901,391.2486867
0.093063241,391.5300727
0.093359684,392.0915713
0.093656126,392.6543432
0.093814229,392.9815658
0.094130435,393.5901743
0.094436759,394.200056
0.09458498,394.5272786
0.094881423,395.1358871
0.095059289,395.417273
0.095395257,396.0258815
0.095711462,396.6357633
0.095849802,396.9629858
0.096146245,397.5257577
0.096452569,398.1343662
0.096620553,398.4615888
0.096926877,399.0243606
0.097233202,399.5858593
0.097391304,399.8672452
0.09770751,400.3829072
0.098013834,400.897296
0.098181818,401.178682
0.098488142,401.694344
0.098646245,401.9744567
0.098992095,402.4901187
0.099288538,403.0516173
0.099416996,403.3330033
0.099733202,403.8486653
0.100088933,404.4101639
0.100256917,404.64444
0.10055336,405.2530485
0.100839921,405.8629302
0.100978261,406.1430429
0.101324111,406.7529247
0.101660079,407.3144233
0.101818182,407.5958093
0.102114625,408.2044178
0.102252964,408.4858037
0.102549407,409.0473023
0.102875494,409.6559108
0.10305336,409.9372968
0.103359684,410.5000687
0.103656126,411.0615673
0.103804348,411.2958434
0.104130435,411.857342
0.104456522,412.373004
0.104614625,412.6072801
0.104920949,413.1229421
0.105217391,413.6844408
0.105365613,413.9187168
0.105711462,414.4343789
0.105899209,414.6686549
0.106225296,415.1830437
0.106521739,415.6987057
0.106679842,415.9800917
0.106966403,416.5415903
0.107282609,417.1043622
0.107420949,417.3844749
0.107727273,417.9472468
0.10805336,418.5087454
0.108231225,418.7901313
0.108547431,419.35163
0.108843874,419.9144019
0.108982213,420.1957878
0.109288538,420.7572864
0.109466403,420.9915625
0.109782609,421.5543344
0.11006917,422.115833
0.11020751,422.3501091
0.110533597,422.8186613
0.110889328,423.33305
0.111057312,423.5673261
0.111353755,424.0358783
0.111630435,424.5044304
0.111778656,424.7858164
0.112134387,425.2543685
0.112460474,425.7229207
0.112608696,425.9571967
0.112895257,426.4244756
0.113043478,426.6587517
0.113399209,427.1744137
0.113715415,427.6900758
0.113853755,427.9701885
0.114140316,428.4858505
0.114466403,429.0015125
0.11465415,429.2357886
0.114980237,429.7501773
0.115266798,430.2658394
0.115405138,430.5472253
0.115711462,431.0616141
0.116037549,431.5772761
0.116215415,431.8115522
0.116511858,432.2801043
0.116640316,432.5143804
0.11694664,432.9358227
0.117282609,433.4043748
0.117460474,433.6386509
0.117756917,434.0600932
0.118043478,434.5286453
0.1181917,434.7629214
0.118517787,435.1843637
0.118853755,435.6529159
0.119011858,435.8859187
0.1193083,436.3544709
0.119634387,436.823023
0.119782609,437.1044089
0.120098814,437.5729611
0.120247036,437.854347
0.12055336,438.321626
0.120879447,438.837288
0.121047431,439.071564
0.121343874,439.5872261
0.121650198,440.1016148
0.1218083,440.3358909
0.122144269,440.8515529
0.122450593,441.3201051
0.122598814,441.601491
0.122895257,442.0687699
0.123231225,442.4914855
0.123389328,442.7244883
0.123695652,443.1930405
0.123853755,443.4273165
0.124160079,443.8487588
0.124505929,444.2702011
0.12465415,444.5044772
0.124950593,444.9730293
0.125247036,445.3944716
0.125424901,445.6287477
0.12576087,446.05019
0.126077075,446.5187421
0.126215415,446.7530182
0.126511858,447.2215704
0.126857708,447.6901225
0.127005929,447.9715085
0.127302372,448.4400606
0.127470356,448.6730635
0.127806324,449.1416156
0.12812253,449.6101678
0.12826087,449.8915537
0.128557312,450.3601058
0.128883399,450.828658
0.129061265,451.0629341
0.12937747,451.4843764
0.12965415,451.9529285
0.12979249,452.1400947
0.130128458,452.561537
0.13048419,453.0300892
0.130652174,453.2172554
0.130948617,453.6386977
0.131086957,453.8729738
0.131383399,454.294416
0.131699605,454.7158583
0.131867589,454.9501344
0.132164032,455.3715767
0.132470356,455.8401288
0.13263834,456.0744049
0.13298419,456.5429571
0.133300395,457.0115092
0.133438735,457.2457853
0.133735178,457.6672276
0.133913043,457.9015037
0.134249012,458.3687826
0.134545455,458.8373347
0.134673913,459.0716108
0.135,459.540163
0.135335968,460.0087151
0.135494071,460.2429912
0.135770751,460.7115433
0.136077075,461.1329856
0.136245059,461.3672617
0.136600791,461.788704
0.136907115,462.2101463
0.137065217,462.3973125
0.137351779,462.8187548
0.1375,463.005921
0.137835968,463.4286365
0.138142292,463.8500788
0.138290514,464.0843549
0.138596838,464.4586873
0.138942688,464.8801296
0.139090909,465.1144057
0.139397233,465.5829578
0.139693676,466.0044001
0.139871542,466.2386762
0.140187747,466.7072284
0.140474308,467.1757805
0.140612648,467.3629467
0.140958498,467.8314989
0.141126482,468.0645017
0.141452569,468.5330539
0.14173913,468.9544962
0.141897233,469.1887722
0.14222332,469.6102145
0.142549407,470.0329301
0.142697628,470.2200963
0.142974308,470.6415386
0.143280632,471.015871
0.143458498,471.2501471
0.143794466,471.6244795
0.144081028,472.0459218
0.144219368,472.2343612
0.144525692,472.6558035
0.144703557,472.8429697
0.145039526,473.264412
0.145326087,473.6387444
0.145474308,473.8730205
0.145800395,474.3415727
0.146126482,474.763015
0.146284585,474.997291
0.146561265,475.4658432
0.14687747,475.8872855
0.147035573,476.1215616
0.147371542,476.5901137
0.147658103,477.0586659
0.147816206,477.2458321
0.148142292,477.7143842
0.148300395,477.9486603
0.148636364,478.3701026
0.148922925,478.7915449
0.149071146,478.9787111
0.149387352,479.3530435
0.149733202,479.7744858
0.149891304,479.9629253
0.150187747,480.3843676
0.150474308,480.7587
0.150632411,480.9458662
0.150968379,481.3673085
0.151294466,481.7416409
0.151432806,481.9300804
0.151749012,482.3515226
0.151907115,482.5857987
0.152243083,483.007241
0.152539526,483.4286833
0.152687747,483.6629594
0.15298419,484.0844017
0.153320158,484.505844
0.153478261,484.74012
0.153794466,485.1615623
0.154081028,485.6301145
0.154249012,485.8172807
0.154575099,486.238723
0.154901186,486.6601653
0.155049407,486.8944413
0.155335968,487.2687738
0.155494071,487.4572132
0.155820158,487.8786555
0.156146245,488.2529879
0.156294466,488.4401542
0.156581028,488.8144866
0.156887352,489.1900922
0.157055336,489.4243683
0.157391304,489.7987007
0.15770751,490.1730332
0.15784585,490.3601994
0.15812253,490.7358051
0.158438735,491.1572473
0.158616601,491.3915234
0.158952569,491.8129657
0.159120553,492.0001319
0.159416996,492.4215742
0.15972332,492.8430165
0.159881423,493.0301827
0.16020751,493.451625
0.160513834,493.8730673
0.160662055,494.1073434
0.160958498,494.482949
0.161284585,494.9043913
0.161442688,495.0915575
0.161758893,495.46589
0.162075099,495.8402224
0.162243083,496.0286618
0.162559289,496.4029943
0.16270751,496.5901605
0.163003953,496.9644929
0.163310277,497.3400986
0.163478261,497.5272648
0.163804348,497.9015972
0.164120553,498.2759296
0.164268775,498.4643691
0.164575099,498.8387015
0.164891304,499.2601438
0.165059289,499.44731
0.165375494,499.8687523
0.165671937,500.2430847
0.16583004,500.4315242
0.166146245,500.8529665
0.166304348,501.0401327
0.166620553,501.461575
0.166936759,501.8359074
0.167094862,502.0701835
0.167411067,502.4457891
0.167727273,502.8672314
0.167875494,503.0543976
0.168171937,503.4287301
0.168478261,503.8030625
0.168656126,503.991502
0.168972332,504.3658344
0.169288538,504.6930569
0.169436759,504.8802232
0.169752964,505.2558288
0.169911067,505.442995
0.170217391,505.8173275
0.170523715,506.1929331
0.170662055,506.3329895
0.170988142,506.7073219
0.171304348,507.1287642
0.171472332,507.3159304
0.171778656,507.7373727
0.172094862,508.1129784
0.172252964,508.3472544
0.17256917,508.7215869
0.172865613,509.1430291
0.173003953,509.3301954
0.173310277,509.705801
0.173468379,509.8929672
0.173774704,510.3144095
0.174090909,510.688742
0.174229249,510.8759082
0.174525692,511.2515138
0.174822134,511.5787364
0.174980237,511.7659026
0.17527668,512.1415083
0.175573123,512.4687308
0.175721344,512.6558971
0.176037549,513.0302295
0.176353755,513.4058351
0.176521739,513.5458915
0.176818182,513.9202239
0.176966403,514.1086634
0.177272727,514.4829958
0.17756917,514.8573282
0.177727273,515.0444944
0.178043478,515.4201001
0.178359684,515.7944325
0.178517787,515.9815987
0.178824111,516.3559312
0.179150198,516.7315368
0.179298419,516.918703
0.179604743,517.2930355
0.179920949,517.6673679
0.180088933,517.8558074
0.18041502,518.2301398
0.180573123,518.417306
0.180899209,518.7458018
0.181215415,519.1201342
0.181373518,519.3073004
0.181689723,519.6357962
0.182005929,519.9630188
0.18215415,520.150185
0.182490119,520.5245174
0.182806324,520.8530132
0.18298419,521.0401795
0.183300395,521.3686753
0.183626482,521.7430077
0.183784585,521.9301739
0.184110672,522.3045063
0.184288538,522.4929458
0.184624506,522.9143881
0.184960474,523.2887205
0.185098814,523.4758867
0.18541502,523.8502191
0.185750988,524.2716614
0.185899209,524.4601009
0.186175889,524.8344333
0.186482213,525.2558756
0.186650198,525.4430418
0.186986166,525.8644841
0.187302372,526.1929799
0.187450593,526.3801461
0.18777668,526.7544785
0.187944664,526.9416447
0.188250988,527.2701405
0.188557312,527.644473
0.188715415,527.8316392
0.189041502,528.2072449
0.189318182,528.5344674
0.189476285,528.7216336
0.189772727,529.0972393
0.190098814,529.4244619
0.190256917,529.6116281
0.190583004,530.0330704
0.190909091,530.408676
0.191077075,530.5958422
0.191363636,531.0172845
0.191501976,531.2044507
0.1918083,531.5787832
0.19215415,532.0002255
0.192322134,532.1886649
0.192648221,532.6101072
0.192934783,532.9844396
0.193083004,533.2187157
0.193399209,533.5930481
0.193745059,533.9686538
0.193893281,534.15582
0.194189723,534.5301524
0.194466403,534.857375
0.194624506,535.0458144
0.194960474,535.373037
0.195118577,535.5602032
0.195444664,535.888699
0.19576087,536.2630315
0.195909091,536.4030878
0.196215415,536.7786935
0.196531621,537.105916
0.196679842,537.2930822
0.196996047,537.6686879
0.197302372,538.0430203
0.197470356,538.2301865
0.197786561,538.604519
0.198092885,538.9801246
0.198241107,539.1672909
0.198557312,539.5416233
0.198725296,539.7287895
0.199031621,540.1043952
0.199337945,540.4787276
0.199496047,540.6658938
0.199812253,541.0402262
0.20013834,541.4158319
0.20027668,541.6029981
0.200592885,541.9302207
0.200899209,542.2587165
0.201057312,542.4458827
0.201373518,542.7743785
0.201679842,543.1487109
0.201828063,543.2887673
0.202134387,543.6643729
0.20229249,543.8044293
0.202608696,544.1316518
0.202905138,544.5072575
0.203043478,544.6944237
0.203349802,545.0687561
0.203656126,545.4430886
0.203804348,545.631528
0.204110672,546.0058604
0.204407115,546.3801929
0.204555336,546.5673591
0.204851779,546.9429648
0.205148221,547.3172972
0.205306324,547.5044634
0.205602767,547.8787958
0.205750988,548.0672353
0.206067194,548.4415677
0.206373518,548.7687903
0.206511858,548.9572297
0.206828063,549.2844523
0.207193676,549.6129481
0.207371542,549.7530044
0.207667984,550.080227
0.207954545,550.4087228
0.208092885,550.595889
0.208399209,550.9243848
0.208705534,551.2516074
0.208863636,551.3916637
0.209189723,551.7201595
0.209357708,551.9073257
0.209713439,552.2816582
0.210019763,552.610154
0.210167984,552.7973202
0.210464427,553.2187625
0.21076087,553.5930949
0.210909091,553.7815343
0.211205534,554.1558668
0.211531621,554.5301992
0.211719368,554.7173654
0.21208498,555.0929711
0.212391304,555.4673035
0.212529644,555.6544697
0.212826087,556.0288021
0.21298419,556.1701317
0.213280632,556.4973543
0.213577075,556.8258501
0.213725296,557.0130163
0.214041502,557.3402389
0.214397233,557.6687347
0.214545455,557.808791
0.214851779,558.1372868
0.215128458,558.4645094
0.215286561,558.6529488
0.21562253,558.9801714
0.215948617,559.3545038
0.216096838,559.54167
0.216383399,559.9172757
0.216541502,560.1044419
0.216867589,560.4316645
0.217213439,560.8072702
0.217351779,560.9944364
0.217648221,561.3687688
0.217944664,561.7431012
0.21812253,561.9315407
0.218468379,562.3058731
0.218764822,562.6330957
0.218903162,562.8215351
0.219199605,563.1487577
0.219505929,563.4772535
0.219673913,563.6644197
0.219970356,563.9916423
0.220108696,564.1788085
0.220405138,564.5073043
0.220711462,564.8345268
0.220849802,565.0229663
0.221156126,565.3501889
0.221462451,565.6786847
0.221630435,565.8658509
0.221936759,566.1930734
0.222233202,566.5686791
0.222381423,566.7558453
0.222717391,567.0830679
0.223043478,567.4586735
0.223211462,567.5987299
0.223507905,567.9730623
0.223646245,568.1602285
0.223962451,568.4887243
0.224278656,568.8630568
0.22444664,569.050223
0.224743083,569.3787188
0.225059289,569.7530512
0.225217391,569.8943808
0.22555336,570.2687132
0.225859684,570.5959358
0.226007905,570.783102
0.226304348,571.1115978
0.226640316,571.4859302
0.226818182,571.6730964
0.227124506,572.0015922
0.227262846,572.1887584
0.227559289,572.5172542
0.227885375,572.8444768
0.22805336,573.031643
0.228369565,573.4072487
0.228675889,573.7344713
0.228824111,573.9216375
0.229120553,574.2972431
0.22944664,574.6244657
0.229614625,574.8116319
0.229940711,575.1859643
0.230256917,575.5144601
0.230405138,575.7016263
0.230711462,576.0759588
0.230869565,576.2643982
0.231175889,576.6387307
0.231492095,576.9659532
0.231640316,577.1543927
0.231956522,577.4816152
0.232282609,577.810111
0.232450593,577.9972772
0.232766798,578.3244998
0.233073123,578.6529956
0.233221344,578.8401618
0.233547431,579.1673844
0.233873518,579.4958802
0.234021739,579.6830464
0.234337945,580.0115422
0.23451581,580.1987084
0.234832016,580.5730408
0.235148221,580.9473733
0.235306324,581.1816494
0.235652174,581.557255
0.236017787,581.9315874
0.236195652,582.1187537
0.236511858,582.4930861
0.2368083,582.8686917
0.236956522,583.055858
0.237262846,583.3830805
0.237579051,583.7586862
0.237737154,583.9458524
0.238043478,584.3201848
0.238181818,584.507351
0.238498024,584.8358468
0.238794466,585.1630694
0.238952569,585.3502356
0.239258893,585.6787314
0.239565217,586.005954
0.239743083,586.1943934
0.240059289,586.521616
0.240365613,586.8501118
0.240513834,586.9901682
0.240820158,587.3173907
0.241136364,587.6458865
0.241294466,587.8330527
0.241620553,588.2073852
0.241768775,588.3487147
0.24208498,588.7230472
0.242381423,589.051543
0.242549407,589.2387092
0.242885375,589.5659318
0.243211462,589.8944276
0.243369565,590.0815938
0.243675889,590.4559262
0.243972332,590.8315319
0.244130435,591.0186981
0.244436759,591.3459206
0.244743083,591.7202531
0.244881423,591.9086925
0.24520751,592.2359151
0.245385375,592.4230813
0.2456917,592.7515771
0.245988142,593.1259095
0.246126482,593.3130757
0.246472332,593.6415715
0.246847826,593.9687941
0.247005929,594.1101237
0.247302372,594.4373463
0.24756917,594.8116787
0.247717391,595.0001181
0.248043478,595.3273407
0.248379447,595.7016731
0.248527668,595.8430027
0.248804348,596.2173351
0.248942688,596.4045013
0.24923913,596.7329971
0.249535573,597.1073296
0.249673913,597.2473859
0.249970356,597.6229916
0.25027668,597.997324
0.250434783,598.1844902
0.250750988,598.512986
0.251067194,598.8402086
0.251215415,599.0273748
0.251531621,599.3558706
0.251837945,599.6830932
0.252005929,599.8244228
0.252322134,600.1516453
0.252470356,600.2929749
0.252796443,600.6201975
0.253112648,600.9015834
0.25326087,601.0416398
0.253567194,601.3230257
0.253883399,601.6502483
0.254061265,601.7915779
0.254367589,602.1188004
0.254673913,602.4944061
0.254812253,602.6815723
0.255128458,603.0087949
0.255454545,603.3844005
0.25562253,603.5715667
0.255928854,603.993009
0.256245059,604.3673415
0.256383399,604.5545077
0.256709486,604.97595
0.25687747,605.1631162
0.257183794,605.5387218
0.257490119,605.8659444
0.25763834,606.0531106
0.257944664,606.3816064
0.258270751,606.708829
0.258438735,606.8501586
0.258754941,607.1773811
0.259071146,607.4587671
0.259209486,607.6459333
0.259505929,607.9273192
0.259832016,608.2545418
0.26,608.3958714
0.260316206,608.7230939
0.260464427,608.9115334
0.26076087,609.238756
0.261067194,609.6130884
0.261245059,609.754418
0.261581028,610.1287504
0.26187747,610.5030828
0.26201581,610.690249
0.262322134,611.0658547
0.262687747,611.4401871
0.262875494,611.5802435
0.263221344,611.9558491
0.263537549,612.2830717
0.263666008,612.4702379
0.263952569,612.7987337
0.264081028,612.9387901
0.264367589,613.2672859
0.264683794,613.5945084
0.26486166,613.7816747
0.265187747,614.1101705
0.265474308,614.437393
0.265602767,614.5787226
0.265918972,614.9059452
0.266274704,615.234441
0.266442688,615.4216072
0.26673913,615.7959396
0.26701581,616.1715453
0.267173913,616.3587115
0.267529644,616.7330439
0.26770751,616.9202101
0.268003953,617.2487059
0.268280632,617.6230384
0.268418972,617.8102046
0.268764822,618.184537
0.269110672,618.5130328
0.269268775,618.700199
0.269565217,619.0745314
0.269851779,619.4030272
0.27,619.5901935
0.270326087,619.9186893
0.270642292,620.2459118
0.270800395,620.433078
0.271096838,620.7615738
0.271254941,620.9487401
0.271590909,621.2759626
0.271887352,621.6044584
0.272045455,621.7916246
0.272341897,622.1201204
0.272687747,622.447343
0.272855731,622.6345092
0.273152174,623.0101149
0.273448617,623.3373374
0.273606719,623.5245036
0.273942688,623.9001093
0.27423913,624.2273319
0.274387352,624.4144981
0.274693676,624.7888305
0.274851779,624.97727
0.275197628,625.3516024
0.275494071,625.7259348
0.275642292,625.913101
0.275938735,626.2887067
0.276274704,626.6159293
0.276432806,626.8030955
0.276758893,627.1315913
0.277035573,627.4588138
0.277193676,627.6459801
0.277529644,628.0215857
0.277875494,628.3488083
0.278023715,628.4901379
0.278300395,628.8644703
0.278448617,629.0045267
0.278754941,629.3330225
0.279110672,629.660245
0.279288538,629.8486845
0.279614625,630.2230169
0.27993083,630.5973493
0.280079051,630.7845155
0.280365613,631.1130113
0.280652174,631.4873438
0.280790514,631.67451
0.281126482,632.0501156
0.281472332,632.4244481
0.281630435,632.6116143
0.281926877,632.9388368
0.282055336,633.1272763
0.282391304,633.5016087
0.282717391,633.8759411
0.282865613,634.0172707
0.283171937,634.3444933
0.283468379,634.7188257
0.283646245,634.8601553
0.283982213,635.1873779
0.284288538,635.5158737
0.284416996,635.7030399
0.28472332,636.0302625
0.28506917,636.3587583
0.285247036,636.4988146
0.285563241,636.8273104
0.2856917,636.9673668
0.285978261,637.3429724
0.286284585,637.7173049
0.286472332,637.9044711
0.2868083,638.2788035
0.287124506,638.6544092
0.287262846,638.8415754
0.287559289,639.2159078
0.287865613,639.5902402
0.288023715,639.7774064
0.288339921,640.1530121
0.288646245,640.5273445
0.288804348,640.7145107
0.289140316,641.0430065
0.289298419,641.1830629
0.289594862,641.5115587
0.289901186,641.8387813
0.290059289,642.0259475
0.290375494,642.3544433
0.2906917,642.6816658
0.29083004,642.8229954
0.291146245,643.150218
0.291472332,643.4787138
0.291640316,643.6187701
0.29194664,643.9472659
0.292243083,644.2744885
0.292411067,644.4616547
0.292737154,644.8372604
0.292905138,645.0244266
0.293201581,645.3516492
0.293498024,645.7259816
0.293656126,645.914421
0.293992095,646.2416436
0.294288538,646.615976
0.294436759,646.8044155
0.294752964,647.1787479
0.295098814,647.5530803
0.295247036,647.7402466
0.29555336,648.0687424
0.295839921,648.3959649
0.296007905,648.5844044
0.296333992,648.9116269
0.296482213,649.0516833
0.296798419,649.4272889
0.297114625,649.7545115
0.297262846,649.8958411
0.297579051,650.2230637
0.297885375,650.5515595
0.298043478,650.7387257
0.298359684,651.0659482
0.298685771,651.4415539
0.298833992,651.6287201
0.299120553,652.0030525
0.29944664,652.377385
0.299624506,652.5645512
0.299960474,652.893047
0.300098814,653.0802132
0.300365613,653.4545456
0.300671937,653.8301513
0.300849802,654.0173175
0.301205534,654.3445401
0.301501976,654.7201457
0.301630435,654.9073119
0.301916996,655.2345345
0.302252964,655.5630303
0.302440711,655.7030867
0.302756917,656.0315825
0.303023715,656.358805
0.303162055,656.5459712
0.303498024,656.874467
0.303675889,657.0145234
0.303992095,657.3430192
0.304278656,657.6702418
0.304436759,657.857408
0.304772727,658.1859038
0.305108696,658.5602362
0.305256917,658.7474024
0.305523715,659.1230081
0.305839921,659.4973405
0.306027668,659.6845067
0.306363636,660.0588391
0.306650198,660.4344448
0.306778656,660.621611
0.307104743,660.9959435
0.30729249,661.1831097
0.307618577,661.5587153
0.307885375,661.9330478
0.308023715,662.120214
0.308339921,662.4487098
0.308685771,662.7759323
0.308853755,662.9630985
0.309120553,663.2915944
0.309426877,663.6188169
0.309594862,663.8059831
0.309940711,664.1344789
0.310247036,664.4617015
0.310395257,664.6501409
0.310701581,664.9773635
0.310879447,665.1174199
0.311215415,665.4930255
0.311501976,665.8673579
0.311630435,666.0545242
0.311936759,666.4301298
0.312282609,666.8044623
0.312460474,666.9916285
0.312747036,667.4130708
0.313063241,667.7874032
0.313221344,667.9758426
0.313557312,668.3501751
0.313853755,668.7716174
0.313992095,668.9587836
0.314288538,669.333116
0.31444664,669.5215554
0.314802372,669.848778
0.315108696,670.2231104
0.315256917,670.36444
0.315543478,670.6916626
0.315869565,671.0201584
0.316027668,671.2073246
0.316343874,671.5345472
0.316660079,671.863043
0.316828063,672.0502092
0.31715415,672.378705
0.317440711,672.7059275
0.317579051,672.8930938
0.317885375,673.2686994
0.318043478,673.4558656
0.318369565,673.8301981
0.318695652,674.2516404
0.318873518,674.4388066
0.319179842,674.8144122
0.319456522,675.2358545
0.319594862,675.4230207
0.319911067,675.844463
0.320256917,676.2187954
0.320434783,676.4059617
0.320731225,676.827404
0.321037549,677.1558998
0.321185771,677.343066
0.321531621,677.6715618
0.321699605,677.858728
0.321986166,678.1859505
0.322282609,678.5615562
0.322450593,678.7016126
0.322796443,679.0288351
0.323083004,679.4044408
0.323231225,679.5444971
0.323527668,679.9188296
0.323873518,680.2473254
0.324041502,680.4344916
0.324337945,680.808824
0.324624506,681.1844297
0.324772727,681.3715959
0.325108696,681.7459283
0.325286561,681.9802044
0.325612648,682.3545368
0.325889328,682.7301425
0.326027668,682.9173087
0.326343874,683.338751
0.326679842,683.7130834
0.326857708,683.9002496
0.327164032,684.2758553
0.327450593,684.6501877
0.327588933,684.7902441
0.32791502,685.1658497
0.328250988,685.4930723
0.328418972,685.6331286
0.328715415,686.0087343
0.328853755,686.1487907
0.329179842,686.4772865
0.32951581,686.8516189
0.329683794,686.9916752
0.329970356,687.3672809
0.330256917,687.6945035
0.330434783,687.8345598
0.330780632,688.2572753
0.331096838,688.6316078
0.331225296,688.818774
0.331521739,689.1931064
0.331847826,689.5687121
0.332025692,689.7558783
0.33236166,690.1302107
0.3325,690.3173769
0.332786561,690.7388192
0.333092885,691.1144249
0.333270751,691.3015911
0.333606719,691.6759235
0.333913043,692.0044193
0.334051383,692.1915855
0.334357708,692.5188081
0.334703557,692.8931405
0.334881423,693.0344701
0.335167984,693.3616927
0.335444664,693.7372983
0.335592885,693.8773547
0.335928854,694.2516871
0.336106719,694.4388533
0.336403162,694.7673491
0.336689723,695.0945717
0.336847826,695.3288478
0.337203557,695.7044534
0.337519763,696.0787859
0.337658103,696.2659521
0.337944664,696.6402845
0.338280632,697.063
0.338458498,697.2501662
0.338764822,697.6244987
0.339051383,697.9988311
0.339199605,698.1859973
0.339545455,698.561603
0.33972332,698.7487692
0.340029644,699.1231016
0.340306324,699.4987073
0.340464427,699.6858735
0.340810277,700.0130961
0.341126482,700.3874285
0.341284585,700.5758679
0.341561265,700.9030905
0.341897233,701.2774229
0.342065217,701.4658624
0.342371542,701.7930849
0.342658103,702.1674174
0.342826087,702.3558568
0.343171937,702.6830794
0.34333004,702.8702456
0.343636364,703.2458513
0.343922925,703.6201837
0.344081028,703.8544598
0.344436759,704.2287922
0.344752964,704.6031246
0.344901186,704.7915641
0.345177866,705.1658965
0.345513834,705.5402289
0.345671937,705.7273951
0.345978261,706.1030008
0.346264822,706.5244431
0.346413043,706.7116093
0.346758893,707.0388319
0.346936759,707.2259981
0.347262846,707.5544939
0.347529644,707.9288263
0.347677866,708.1159925
0.348003953,708.4444883
0.348339921,708.8188208
0.348488142,708.9601503
0.348764822,709.3344828
0.349071146,709.6617053
0.349258893,709.8501448
0.349594862,710.1773673
0.349881423,710.5516998
0.350009881,710.7859758
0.350326087,711.1615815
0.350503953,711.3487477
0.35083004,711.7230802
0.351116601,712.0974126
0.351274704,712.3316887
0.351600791,712.7072943
0.351936759,713.0816267
0.35208498,713.268793
0.352351779,713.6902352
0.352648221,714.0645677
0.352816206,714.2530071
0.353152174,714.6273396
0.353478261,714.9545621
0.353636364,715.1430016
0.353942688,715.517334
0.354090909,715.6573903
0.354387352,716.032996
0.354703557,716.3602186
0.354871542,716.5473848
0.355197628,716.9217172
0.355523715,717.2973229
0.355681818,717.4844891
0.355978261,717.8588215
0.356294466,718.2344272
0.356462451,718.4215934
0.356778656,718.8430357
0.357075099,719.264478
0.35722332,719.4516442
0.357539526,719.8730865
0.357717391,720.1073626
0.358023715,720.481695
0.35833004,720.9031373
0.358468379,721.0915767
0.358794466,721.513019
0.359110672,721.8873514
0.359278656,722.0745177
0.35958498,722.4488501
0.359891304,722.8244557
0.360039526,723.011622
0.360355731,723.3388445
0.360681818,723.7144502
0.360849802,723.9016164
0.361146245,724.228839
0.361304348,724.4160052
0.361610672,724.7916108
0.361936759,725.1659433
0.362104743,725.3531095
0.362401186,725.7287151
0.362697628,726.1030476
0.36284585,726.3373236
0.363171937,726.7116561
0.363498024,727.1330984
0.363666008,727.3673744
0.363962451,727.7888167
0.364268775,728.210259
0.364436759,728.3974252
0.364762846,728.8201408
0.364920949,729.007307
0.36520751,729.4287493
0.36548419,729.8501916
0.365652174,730.0844676
0.365978261,730.4588001
0.366314229,730.8331325
0.366472332,731.0215719
0.366788538,731.3959044
0.367094862,731.7231269
0.367262846,731.9102931
0.367579051,732.2858988
0.367905138,732.6602312
0.368033597,732.8002876
0.368310277,733.1758932
0.368468379,733.3630595
0.368784585,733.690282
0.369110672,734.0658877
0.369258893,734.2530539
0.36958498,734.6744962
0.369891304,735.0959385
0.370059289,735.2831047
0.370355731,735.704547
0.370671937,736.1259893
0.370820158,736.3144287
0.371126482,736.735871
0.371442688,737.1573133
0.371610672,737.3444795
0.371926877,737.7659218
0.372094862,738.0001979
0.372411067,738.3745303
0.372717391,738.7030261
0.372865613,738.8901923
0.373181818,739.2645247
0.373488142,739.6388572
0.373656126,739.7801868
0.373972332,740.1545192
0.374288538,740.5288516
0.374436759,740.6701812
0.374743083,741.0445136
0.375049407,741.4188461
0.375217391,741.6060123
0.375533597,741.9816179
0.375681818,742.1687841
0.375998024,742.5902264
0.376304348,743.0116687
0.376462451,743.1988349
0.376768775,743.5744406
0.377075099,743.9958829
0.377213439,744.1830491
0.377509881,744.5573815
0.377816206,744.9788238
0.377974308,745.16599
0.378280632,745.5415957
0.378577075,745.9159281
0.378735178,746.1030943
0.379031621,746.4315901
0.37916996,746.6187564
0.379466403,746.9930888
0.379772727,747.3674212
0.37993083,747.5087508
0.380227273,747.8830832
0.380513834,748.2574156
0.380652174,748.4445819
0.380948617,748.7730777
0.381284585,749.1474101
0.381472332,749.3345763
0.381798419,749.710182
0.38208498,750.1316243
0.38222332,750.3187905
0.382529644,750.6931229
0.382717391,750.927399
0.38305336,751.3030046
0.383349802,751.6773371
0.383498024,751.9116131
0.383794466,752.2859456
0.384110672,752.7073879
0.384278656,752.8945541
0.384594862,753.3159964
0.384901186,753.691602
0.385059289,753.8787682
0.385375494,754.2531007
0.3856917,754.6274331
0.385839921,754.8617092
0.386156126,755.2373148
0.386333992,755.424481
0.386660079,755.7988135
0.386976285,756.1731459
0.387124506,756.3615854
0.38743083,756.7359178
0.387737154,757.0631403
0.387905138,757.2515798
0.388231225,757.6730221
0.388547431,758.0473545
0.388695652,758.2345207
0.389011858,758.655963
0.389328063,759.0774053
0.389496047,759.2645715
0.389802372,759.6401772
0.389960474,759.8744533
0.39027668,760.2958955
0.390602767,760.7173378
0.390780632,760.904504
0.391096838,761.3259463
0.391422925,761.7002788
0.391581028,761.9345548
0.391926877,762.3101605
0.392243083,762.6844929
0.392401186,762.8716591
0.392737154,763.2459916
0.393073123,763.6215972
0.393241107,763.8087634
0.393557312,764.1830959
0.393705534,764.3702621
0.394031621,764.7917044
0.394347826,765.16731
0.39451581,765.3544763
0.394832016,765.7759185
0.395158103,766.2444707
0.395296443,766.4316369
0.395583004,766.9001891
0.395889328,767.3216314
0.396057312,767.5559074
0.396383399,767.9773497
0.396709486,768.398792
0.396867589,768.6330681
0.397173913,769.0545104
0.397341897,769.2887864
0.397648221,769.7102287
0.397964427,770.0845612
0.398112648,770.2717274
0.398428854,770.6944429
0.398754941,771.0687753
0.398893281,771.2559415
0.399209486,771.630274
0.399525692,772.0058796
0.399703557,772.1930459
0.4,772.5673783
0.400306324,772.9417107
0.40048419,773.1288769
0.400800395,773.5515924
0.400958498,773.7387587
0.401284585,774.1602009
0.401571146,774.5816432
0.401729249,774.8159193
0.402045455,775.2373616
0.402351779,775.6588039
0.4025,775.89308
0.402816206,776.3616321
0.402974308,776.5487983
0.403290514,777.0173505
0.403596838,777.4387928
0.403745059,777.6730689
0.404041502,778.0945111
0.404347826,778.5630633
0.404505929,778.7502295
0.404802372,779.1716718
0.405098814,779.5931141
0.405237154,779.7802803
0.405523715,780.2017226
0.40583004,780.5773283
0.405978261,780.7644945
0.406274704,781.1859368
0.406413043,781.373103
0.406699605,781.7945453
0.40701581,782.1688777
0.40715415,782.4031538
0.407450593,782.7787594
0.407806324,783.2002017
0.407994071,783.4344778
0.408310277,783.8559201
0.408606719,784.2773624
0.408735178,784.5116384
0.409031621,784.9330807
0.409357708,785.354523
0.409525692,785.5887991
0.409841897,786.0102414
0.409980237,786.1974076
0.410286561,786.6659598
0.410612648,787.087402
0.410780632,787.3216781
0.411086957,787.6960105
0.411373518,788.1174528
0.411531621,788.3058923
0.41187747,788.7273346
0.412203557,789.101667
0.41236166,789.3359431
0.412658103,789.7573854
0.412954545,790.1317178
0.413102767,790.3659939
0.413428854,790.7415995
0.413596838,790.9758756
0.413893281,791.350208
0.414199605,791.8187602
0.414367589,792.0059264
0.414703557,792.4744786
0.415009881,792.8959208
0.415148221,793.1301969
0.415444664,793.5516392
0.415790514,793.9730815
0.415978261,794.2073576
0.416294466,794.6287999
0.416581028,795.0502422
0.416719368,795.2845182
0.417005929,795.7059605
0.417183794,795.9402366
0.417539526,796.3616789
0.417855731,796.7831212
0.41798419,796.9702874
0.418270751,797.3458931
0.418577075,797.7673353
0.418754941,797.9545016
0.419100791,798.3759438
0.419397233,798.7973861
0.419535573,798.9845524
0.419822134,799.4059946
0.420158103,799.7816003
0.42034585,800.0146031
0.420662055,800.4373187
0.420800395,800.6244849
0.421096838,801.093037
0.421422925,801.5144793
0.421590909,801.7487554
0.421916996,802.1701977
0.422203557,802.6387498
0.422351779,802.8259161
0.422628458,803.2944682
0.422924901,803.7159105
0.423073123,803.9501866
0.423369565,804.3716289
0.423675889,804.840181
0.423843874,805.0273472
0.424160079,805.4016797
0.4243083,805.6359557
0.424624506,806.057398
0.424940711,806.4317304
0.425098814,806.6660065
0.425405138,807.0416122
0.425721344,807.4630545
0.425879447,807.6502207
0.426195652,808.0245531
0.426492095,808.3988855
0.426650198,808.6331616
0.426976285,809.0546039
0.427312253,809.4773194
0.427460474,809.6644857
0.427756917,810.1330378
0.427905138,810.320204
0.428211462,810.7887562
0.428557312,811.2101985
0.428735178,811.4444745
0.429041502,811.9130267
0.429337945,812.3803056
0.429476285,812.6145817
0.429782609,813.0831338
0.430118577,813.551686
0.430286561,813.7388522
0.430573123,814.2074043
0.430879447,814.5817368
0.431037549,814.8160129
0.431383399,815.2374551
0.431551383,815.4258946
0.431857708,815.800227
0.432173913,816.2216693
0.432312253,816.4088355
0.432598814,816.7831679
0.43291502,817.2058835
0.433102767,817.3930497
0.433438735,817.814492
0.433784585,818.2830441
0.433922925,818.5173202
0.434209486,818.9387625
0.434496047,819.4073146
0.434644269,819.6403175
0.434950593,820.063033
0.435098814,820.2960359
0.435424901,820.764588
0.435731225,821.2331402
0.435889328,821.4674162
0.436195652,821.8888585
0.436511858,822.3574107
0.436679842,822.5445769
0.43701581,822.9660192
0.437322134,823.3416248
0.437460474,823.5759009
0.437756917,823.9502333
0.438092885,824.3716756
0.438280632,824.5588418
0.438606719,824.9331743
0.438774704,825.1216137
0.439090909,825.543056
0.439416996,825.9173884
0.439575099,826.1045547
0.439871542,826.5259969
0.440217391,826.9945491
0.440365613,827.2288252
0.440671937,827.6502675
0.440958498,828.1188196
0.441116601,828.3530957
0.441442688,828.8687577
0.4418083,829.3360366
0.441996047,829.5703127
0.442302372,830.0859747
0.442440711,830.3202508
0.442727273,830.7888029
0.443013834,831.304465
0.4431917,831.4916312
0.443537549,831.9601833
0.443853755,832.3816256
0.443982213,832.5687918
0.444268775,832.9902341
0.44458498,833.4116764
0.444772727,833.5988426
0.445098814,834.0202849
0.445385375,834.3958906
0.445523715,834.5830568
0.445820158,835.0044991
0.445988142,835.1916653
0.446324111,835.6602174
0.446620553,836.0816597
0.446758893,836.3159358
0.447075099,836.784488
0.447411067,837.2530401
0.447588933,837.4860429
0.447885375,837.9545951
0.448181818,838.4231472
0.448349802,838.7045332
0.448715415,839.1730853
0.449051383,839.6416375
0.449189723,839.8759136
0.449476285,840.3444657
0.449624506,840.5316319
0.449920949,841.0001841
0.450266798,841.4216264
0.450424901,841.6087926
0.450731225,842.0773447
0.451017787,842.498787
0.451175889,842.7330631
0.451482213,843.1545054
0.451837945,843.5759477
0.451996047,843.8102238
0.452302372,844.2316661
0.452598814,844.7002182
0.452747036,844.9344943
0.45305336,845.4030464
0.453201581,845.6373225
0.453547431,846.1046014
0.453873518,846.5731536
0.454021739,846.8074297
0.4543083,847.2759818
0.454604743,847.6974241
0.454772727,847.9317002
0.455148221,848.4002523
0.455474308,848.8688045
0.455602767,849.1030806
0.455869565,849.5716327
0.456175889,849.993075
0.456363636,850.1802412
0.456689723,850.6016835
0.456818182,850.8359596
0.45708498,851.2574019
0.457381423,851.6788442
0.457539526,851.9131202
0.457826087,852.3345625
0.458142292,852.7560048
0.458300395,852.9902809
0.458626482,853.4117232
0.458922925,853.8802753
0.459081028,854.1145514
0.459397233,854.6302134
0.459713439,855.0987656
0.459871542,855.3330416
0.460167984,855.8474304
0.460326087,856.0817065
0.460662055,856.5502586
0.460988142,857.0659207
0.461126482,857.3001967
0.461403162,857.7674757
0.461719368,858.2360278
0.461907115,858.4703039
0.462252964,858.938856
0.462559289,859.3602983
0.46270751,859.5474645
0.462994071,860.0160167
0.463320158,860.437459
0.463488142,860.6258984
0.463824111,861.0931773
0.464011858,861.2816168
0.464347826,861.7488957
0.464634387,862.1716112
0.464762846,862.4046141
0.465059289,862.8273296
0.465355731,863.2487719
0.465503953,863.5288846
0.465810277,863.9974367
0.466136364,864.4659889
0.466284585,864.700265
0.466581028,865.1688171
0.466907115,865.6373693
0.467094862,865.8716454
0.467411067,866.3401975
0.467549407,866.5744736
0.467826087,867.0417525
0.468152174,867.5103046
0.46833004,867.7445807
0.468656126,868.2131329
0.468932806,868.6345752
0.469090909,868.8688512
0.469436759,869.2902935
0.469782609,869.7117358
0.46993083,869.898902
0.470256917,870.3216176
0.470602767,870.7430599
0.470770751,870.9773359
0.471047431,871.3987782
0.471166008,871.6330543
0.471452569,872.0544966
0.471758893,872.5230487
0.47194664,872.7560516
0.472272727,873.2246037
0.472559289,873.7402657
0.472687747,873.9745418
0.473013834,874.4902038
0.473359684,875.0045926
0.473517787,875.2388687
0.473814229,875.7074208
0.474100791,876.2230829
0.474268775,876.4573589
0.474594862,876.9259111
0.474752964,877.2060238
0.475029644,877.6274661
0.47534585,878.0489084
0.475533597,878.2831844
0.475869565,878.7059
0.476156126,879.1273423
0.476284585,879.3145085
0.476610672,879.7359508
0.476966403,880.2045029
0.477134387,880.3916691
0.477450593,880.8131114
0.477717391,881.2345537
0.477855731,881.4688298
0.478171937,881.9373819
0.478359684,882.171658
0.478685771,882.6402102
0.478962451,883.1545989
0.479090909,883.388875
0.479416996,883.8574272
0.479762846,884.3259793
0.47993083,884.5602554
0.48020751,885.0288075
0.480503953,885.4973597
0.480662055,885.7316358
0.480998024,886.2001879
0.481314229,886.6674668
0.481462451,886.8559063
