Strain,Stress_m0_MPa,Slope_dSigma_dm,R_squared
0.0,-2.1176124985942986,5.324515131066354,0.8964419421532952
0.000350127003003003,-2.0444005171950206,5.241779643352225,0.8844448866406212
0.000700254006006006,-2.0432087597505215,5.23969452869527,0.8834297696459318
0.001050381009009009,-1.9581390358064998,5.146022000612261,0.871292418004807
0.001400508012012012,-1.9959578262169062,5.173830193971407,0.8607760153353818
0.001750635015015015,-1.9930459389214745,5.17072874576749,0.8604432536741893
0.002100762018018018,-1.9296682130099119,5.101023187836933,0.8508970464482303
0.0024508890210210212,-1.7424184369542766,4.906565398315482,0.8340595789325008
0.002801016024024024,-1.3831048877088257,4.511312901386563,0.7663280592577683
0.003151143027027027,-0.8195581778183127,3.9495487408802283,0.6525499057661519
0.00350127003003003,0.00487379789688136,3.1217458800577655,0.45052198305323216
0.0038513970330330332,1.089233267885758,2.0464541420062514,0.17984740560960566
0.004201524036036036,2.51526273368491,0.6336769636294104,0.013969023767280894
0.004551651039039039,4.239672885620525,-1.0561034783154348,0.024516951745358347
0.0049017780420420425,6.253382587983683,-2.9662465523310644,0.11935098869714804
0.005251905045045045,8.459527738714247,-5.039175581490535,0.21771059417824282
0.005602032048048048,11.321578601706626,-7.712769441773552,0.3077192618798745
0.005952159051051051,14.7083899514103,-10.801928738411195,0.378036894240516
0.006302286054054054,17.596852670265683,-13.24091527688997,0.41503003246515224
0.006652413057057057,21.022680023116678,-16.180019505774922,0.4584503248787964
0.00700254006006006,24.27915537580992,-18.772562561879745,0.48265859355683494
0.007352667063063063,27.535131568921646,-21.317978373810014,0.5053941748466706
0.0077027940660660665,30.952412365010236,-24.113272229641993,0.5310159261246897
0.00805292106906907,34.39981624288124,-26.72559864811801,0.548327680821856
0.008403048072072072,37.83822820915432,-29.27722356014137,0.5567351836757257
0.008753175075075075,41.5078694225592,-32.08657230934776,0.5733775452888165
0.009103302078078078,45.81019231800648,-35.6098206891413,0.5884630986081029
0.00945342908108108,50.25959764931919,-39.146991763553245,0.5973369543376724
0.009803556084084085,54.76935680612478,-42.79141173328612,0.6176773548217485
0.010153683087087088,59.80534572481581,-46.85872050954093,0.6315218708442017
0.01050381009009009,64.0948279750303,-49.983783066519585,0.6412664045160348
0.010853937093093093,68.54841797853857,-53.22153256135231,0.6482501265904329
0.011204064096096096,72.92524595775566,-56.461333107654546,0.6481517575822225
0.011554191099099099,77.05264179362052,-59.21707932802138,0.6435766168187065
0.011904318102102102,81.60846483514501,-62.475691287996916,0.6433581184049667
0.012254445105105104,86.51413558552355,-66.11292707226077,0.6467569425582975
0.012604572108108107,90.92804184891541,-69.10789771466926,0.643318693235458
0.012954699111111112,94.5694222946445,-71.27414404918834,0.6422996240228486
0.013304826114114114,98.57974375981176,-73.79272936612499,0.6369306260412527
0.013654953117117117,102.61649844939907,-76.62796459185508,0.6352847568129687
0.01400508012012012,105.79578146317071,-78.14941341262166,0.6312805162793925
0.014355207123123123,110.0305089187183,-80.82331123993012,0.6213674211531045
0.014705334126126126,114.95392407897221,-84.48815660416862,0.6184251616215394
0.015055461129129128,120.87944489145387,-89.29869607622652,0.6175673923689835
0.015405588132132133,127.36734746451279,-94.61431643367182,0.6142334645842527
0.015755715135135136,134.98390084231585,-101.20308127140136,0.609294575463196
0.01610584213813814,141.83096707112855,-106.85655946408673,0.601282178258623
0.01645596914114114,148.6279828649212,-112.50506297213465,0.5963121747962095
0.016806096144144144,156.74108841801706,-119.73098586731614,0.5947834561238764
0.017156223147147147,163.15811492596345,-125.01857092753473,0.5883446687284715
0.01750635015015015,169.60133825377932,-130.12670257376027,0.5824787296590904
0.017856477153153152,175.9499791007442,-135.107008198913,0.5776851428610018
0.018206604156156155,182.88566653166166,-140.94567452102714,0.574124536892734
0.018556731159159158,188.87785792171513,-145.51120029429475,0.5690280917705717
0.01890685816216216,195.28936993148267,-150.39639883017483,0.5641001395454404
0.019256985165165164,202.05085222956654,-156.06771839237678,0.5628615044937084
0.01960711216816817,208.35729914611352,-161.23889786926014,0.5636532215773628
0.019957239171171173,215.63795640142754,-167.3237423419599,0.5647591181125762
0.020307366174174175,221.51951371746588,-171.75751374112903,0.5656529412485417
0.020657493177177178,228.220669097349,-177.35119369742966,0.5701620757226682
0.02100762018018018,235.16306348027467,-183.3130040356304,0.5755355625468497
0.021357747183183184,242.0435659959378,-189.02466123627178,0.5815337007017658
0.021707874186186187,248.80892080767302,-194.68158654177466,0.5880456075010555
0.02205800118918919,256.2580088962455,-201.09373994725706,0.5947316616031744
0.022408128192192192,263.72163428560447,-207.18312288592338,0.5992102821376554
0.022758255195195195,270.8406291468438,-212.8616215437394,0.6036322149508696
0.023108382198198198,278.2690353544007,-218.86315274698157,0.6111967029496789
0.0234585092012012,284.92532075018096,-223.89961111691198,0.614180055196263
0.023808636204204203,290.4611968706802,-227.38445829300323,0.6177350299333602
0.024158763207207206,296.35850590551445,-231.11014300108974,0.6197359090279355
0.02450889021021021,302.0333447045437,-234.8318482015853,0.6223330439755432
0.02485901721321321,307.56659989389766,-237.96765122575275,0.6217777221641803
0.025209144216216214,312.49454929525274,-240.36013824281164,0.6176711951789308
0.02555927121921922,319.12121453182806,-244.75556281808176,0.6172315026043567
0.025909398222222223,324.6036564419352,-248.01680325524566,0.6151435724986525
0.026259525225225226,330.36797716025,-251.57453249200532,0.6144389653345599
0.02660965222822823,335.95103632859355,-254.88974121138565,0.6133824952125707
0.026959779231231232,340.6299550390852,-257.09117891482975,0.6132185052748175
0.027309906234234235,345.5374144743001,-259.599691041714,0.6167241911492357
0.027660033237237237,350.0827993106784,-261.7647112401559,0.6193024285267634
0.02801016024024024,354.86068988535123,-264.1453441912705,0.6220801335204088
0.028360287243243243,359.23402854434005,-265.99414031761296,0.6261210812443447
0.028710414246246246,364.2651268954584,-268.72837893214376,0.6298470450220502
0.02906054124924925,368.65913920981495,-270.7409254734444,0.6349282619800135
0.02941066825225225,372.3447723322188,-271.95818802211596,0.6377775426455844
0.029760795255255254,375.67167984265285,-272.6381404552993,0.6398400980995842
0.030110922258258257,378.0921307766862,-272.3011260873091,0.6407852154887504
0.03046104926126126,380.46096636875984,-272.00274616290335,0.6430195854269467
0.030811176264264266,382.015759370204,-270.59957708136375,0.643895874497236
0.03116130326726727,383.576542194092,-269.125820343989,0.6439972827129568
0.03151143027027027,385.26081012018534,-267.8450225575608,0.6473114234832678
0.03186155727327327,386.9555091317259,-266.38345843526986,0.6505513434290967
0.03221168427627628,388.3510124504892,-264.805111118399,0.6511971960381965
0.032561811279279276,389.91302024580364,-263.49737528032364,0.6551171579050677
0.03291193828228228,391.5009881545359,-262.22650572251,0.6596426219453871
0.03326206528528528,392.01172684085964,-259.75184256091853,0.6594616082989084
0.03361219228828829,393.2183435613696,-258.2070074621681,0.6628162162907432
0.033962319291291294,394.5664226851249,-257.0768984676425,0.6681781284303684
0.034312446294294294,395.5812672936223,-255.61680133963353,0.6704539625951861
0.0346625732972973,395.8791232543922,-253.04665628587847,0.669917411392826
0.0350127003003003,397.24864077839266,-251.950624822701,0.6747749895925232
0.035362827303303306,398.698940153864,-251.00509752814241,0.6785468335147102
0.035712954306306305,399.63150534989313,-249.31391796424816,0.6818987828915968
0.03606308130930931,400.6838979553103,-247.2521218752545,0.6894320260197946
0.03641320831231231,401.64882850424124,-245.46240779086017,0.6959379292537736
0.03676333531531532,402.40267576148585,-243.47096387123938,0.701661284413149
0.037113462318318316,402.7453587854824,-240.72953999938647,0.7060379496356193
0.03746358932132132,402.82994027365396,-237.47873477582576,0.7091108978775656
0.03781371632432432,403.4560021548001,-235.2597260529186,0.7156003198259089
0.03816384332732733,403.8327780315466,-232.702439894924,0.7176350910904341
0.03851397033033033,403.65089183797784,-229.11966080174952,0.7181409108586796
0.03886409733333333,403.3867694203971,-225.50864865182623,0.7177223473159289
0.03921422433633634,403.20079302521935,-222.05374652452969,0.7182650262167509
0.03956435133933934,403.4419286211157,-219.31006204657567,0.721214420883725
0.039914478342342345,403.5508508528454,-216.53154958484595,0.7242298446415791
0.040264605345345345,403.67372966752146,-213.6295281897436,0.7289630283563255
0.04061473234834835,403.7982364918148,-210.73844757640853,0.734118796229631
0.04096485935135135,404.49005352161606,-208.64318411020932,0.7433717824622633
0.041314986354354356,405.1264603678878,-206.54307853310593,0.7514013317514584
0.041665113357357356,405.6940328811721,-204.21330927764504,0.7596148088223627
0.04201524036036036,405.9409503730143,-201.39770032756803,0.7659467689202262
0.04236536736336336,406.3448058247063,-199.09716016735035,0.7707536815054247
0.04271549436636637,406.7893787144863,-196.71303617164725,0.7779980161058689
0.04306562136936937,406.4413535522209,-193.24030757397634,0.7802936385610575
0.04341574837237237,406.50455176391523,-190.407297361163,0.7862107742924652
0.04376587537537537,406.48462628157927,-187.49130416682655,0.7914104576306457
0.04411600237837838,405.87816928736083,-183.78707565816512,0.7938385789396853
0.04446612938138138,405.7775881645666,-180.55497360567796,0.7991953859926884
0.044816256384384384,405.92350037515416,-177.87434815107983,0.8064659557941238
0.04516638338738739,406.0642180230641,-175.0030150018683,0.8147162322097772
0.04551651039039039,405.7568232844225,-171.56596578717742,0.8177482480145669
0.045866637393393396,405.6973016272468,-168.58234674909224,0.8246664299105732
0.046216764396396395,406.03218401449556,-166.30780489688757,0.8335381539047632
0.0465668913993994,405.9488163048226,-163.44261070555297,0.8388853910959916
0.0469170184024024,405.7296147161593,-160.41377774595918,0.84224782377379
0.04726714540540541,405.6389245099335,-157.8084633311921,0.8473370109235228
0.047617272408408406,405.87699654510766,-155.639150975966,0.8543302095089326
0.04796739941141141,405.6127360608294,-152.8249794809716,0.8574275495664738
0.04831752641441441,405.85440974198593,-150.7547102129133,0.8608042189657449
0.04866765341741742,405.8730726454058,-148.42338929996322,0.86482116032463
0.04901778042042042,405.79926302528554,-145.86519801451823,0.8674657609662098
0.049367907423423424,405.4225636437436,-142.67855106006698,0.8715086905008662
0.04971803442642642,405.2786496202119,-140.23838149006392,0.8746793376910416
0.05006816142942943,405.3074555088639,-137.9897037340898,0.8781046086710362
0.05041828843243243,405.30304366253904,-135.64632643355355,0.8828905595883688
0.050768415435435435,404.71666298916136,-132.63070278253844,0.8826266436232333
0.05111854243843844,404.5524468339122,-130.18157448229692,0.8829930994524776
0.05146866944144144,404.29510240291495,-127.82803529206143,0.8811963837493187
0.05181879644444445,404.1719013523336,-125.73311376716426,0.8819323087709172
0.052168923447447446,404.15304208422765,-123.78720594575452,0.8803708130834244
0.05251905045045045,404.0783026003735,-121.82741544505816,0.8789168431898902
0.05286917745345345,403.946810031942,-119.8401574768031,0.8788443274499642
0.05321930445645646,404.0017594505221,-118.2701424345867,0.8784462218513662
0.05356943145945946,404.26778979053756,-116.9865452904085,0.8800047461977475
0.053919558462462464,404.3790935634696,-115.50796314840089,0.8809579850305486
0.05426968546546546,404.6259847964128,-114.30818720779217,0.881343700935405
0.05461981246846847,404.7960795535505,-112.93216115785069,0.8830500689339806
0.05496993947147147,405.0574311937954,-111.628002203977,0.8831359734113656
0.055320066474474475,405.43127047760174,-110.63174766156386,0.88265562856179
0.055670193477477474,405.9309944675349,-109.79072458004953,0.8810872160769535
0.05602032048048048,405.97893554980607,-108.35421856652239,0.8796516318297742
0.056370447483483486,406.1182698288963,-107.09438587197808,0.8773178234367764
0.056720574486486486,406.38773642957466,-106.00692159180178,0.8771447209628525
0.05707070148948949,406.5331953286948,-104.78960559873924,0.8754584269123008
0.05742082849249249,406.6236185503639,-103.46439316665355,0.873534327850133
0.0577709554954955,406.88027194104393,-102.41396343816923,0.872180980181205
0.0581210824984985,407.2822553582301,-101.5057084115887,0.8724643239303207
0.0584712095015015,407.7173182175659,-100.65009315472851,0.8731190602712602
0.0588213365045045,408.1341684920702,-99.79662473298957,0.8723283516461268
0.05917146350750751,408.90258733501054,-99.55488957613208,0.8747386983203164
0.05952159051051051,409.51482368343915,-99.07870410094158,0.8762457506893867
0.059871717513513514,410.06975680446965,-98.55611888106986,0.8773326005773874
0.060221844516516514,410.6050800244946,-98.05622203743137,0.8775251834069789
0.06057197151951952,410.98472897374336,-97.40273240218362,0.8775856608345817
0.06092209852252252,411.51878519559136,-96.86216589143095,0.878294723286679
0.061272225525525525,412.1771886029369,-96.58834047318828,0.8798331134824061
0.06162235252852853,412.84199361124666,-96.37742431092083,0.8814116759035497
0.06197247953153153,413.5440325536566,-96.08764758648435,0.8815547598309611
0.06232260653453454,413.9232485424992,-95.29313906140894,0.8825996935787535
0.06267273353753754,414.38995558715794,-94.69018265024562,0.8835017334389952
0.06302286054054054,414.8459904131518,-94.1071821428801,0.8839530190465621
0.06337298754354355,415.28908768633096,-93.49094278843329,0.8849877530501652
0.06372311454654654,415.64474428307676,-92.75202848075068,0.8852623613050454
0.06407324154954955,416.1363579339409,-92.24097369216747,0.8850827682341019
0.06442336855255255,416.73705640316734,-91.85522288295417,0.8837885991453435
0.06477349555555556,417.0737636759693,-91.13601404182822,0.8825230355831181
0.06512362255855855,417.7953597136818,-91.00987297047008,0.8837158932912382
0.06547374956156156,418.4741838456994,-90.91703805435539,0.8852620307404598
0.06582387656456457,419.085405324466,-90.60002812762878,0.8858867614797404
0.06617400356756757,419.62773624431304,-90.26912706905058,0.8867945974838377
0.06652413057057056,420.1197602421193,-89.82410545504062,0.8881161614852119
0.06687425757357357,420.6573407494845,-89.42859131719476,0.8895884525403035
0.06722438457657658,421.39054875308443,-89.3364363617256,0.8919081304969334
0.06757451157957958,422.16161797281427,-89.33203170968382,0.8932919049357504
0.06792463858258259,422.9019324240725,-89.20637871843273,0.8949616723485403
0.06827476558558558,423.3045518305625,-88.66330630673646,0.8939640865674067
0.06862489258858859,423.6857469275261,-88.0767899085028,0.8910371210199107
0.0689750195915916,424.06810140446237,-87.51935689226985,0.8908859931654366
0.0693251465945946,424.52118709698294,-87.12061519730082,0.8918012435905032
0.06967527359759759,425.10195918217295,-86.92815971774287,0.8935178883848336
0.0700254006006006,425.45132793102266,-86.3433257647427,0.8927940758121301
0.0703755276036036,425.682340207158,-85.58632109220464,0.8911358884912702
0.07072565460660661,426.23930130958934,-85.1879126203467,0.8913208770947254
0.0710757816096096,426.83566073080345,-84.928867765391,0.8923168395277656
0.07142590861261261,427.4045254829841,-84.63465589863237,0.8929675838533481
0.07177603561561562,427.97369859417853,-84.33691142861996,0.8946710619549586
0.07212616261861862,428.59923993491884,-84.14966520435429,0.8960830461744242
0.07247628962162161,429.3506582430937,-84.2277736941681,0.9002056442689775
0.07282641662462462,429.8475515221065,-83.9278573228627,0.9016750677290843
0.07317654362762763,430.3051983634511,-83.56320216608319,0.9020946091165644
0.07352667063063063,430.63960586267,-83.0046369968684,0.9024299218290055
0.07387679763363364,431.292039127684,-82.99080515992173,0.9032768698435617
0.07422692463663663,431.9432979225215,-82.9272566223726,0.90495993382968
0.07457705163963964,432.61096140577075,-82.86614523893975,0.9053244841404379
0.07492717864264264,432.9969618884751,-82.3550871899407,0.9047356339691591
0.07527730564564565,433.3855348908075,-81.77661478636503,0.9041596415479822
0.07562743264864864,433.70367284161125,-81.25405043067458,0.9046897706177327
0.07597755965165165,434.3720741766206,-81.181783082337,0.9071497775944607
0.07632768665465466,434.82489117243347,-80.82899126020551,0.9076115914139973
0.07667781365765766,435.16245390745416,-80.2307504422025,0.9083130524814232
0.07702794066066065,435.5074049737435,-79.69483901910901,0.9081906936564198
0.07737806766366366,436.19119192040137,-79.64153886720817,0.908075982680305
0.07772819466666667,436.68464854943693,-79.36746515040423,0.9088181957188703
0.07807832166966967,437.1001675351414,-78.95947469514695,0.9077543486125805
0.07842844867267268,437.6898369319664,-78.79001699791675,0.9067198696923933
0.07877857567567567,438.1789983030742,-78.59224049538886,0.9077602452488683
0.07912870267867868,438.63123806571053,-78.33830170383912,0.9081235515886068
0.07947882968168168,439.0461316851601,-77.97143523460494,0.9081688088719824
0.07982895668468469,439.5429918355209,-77.75031604844209,0.9101039879468856
0.08017908368768768,440.13911796359156,-77.66102337270455,0.912499941931131
0.08052921069069069,440.7920329621843,-77.56893469565183,0.9143110815698764
0.0808793376936937,441.4561090272642,-77.5734982650484,0.9154621125321245
0.0812294646966967,441.9159451567145,-77.20594926454288,0.9146902306573399
0.0815795916996997,442.3106035026102,-76.78351250532144,0.9138630984817404
0.0819297187027027,442.73648117501415,-76.39374386895678,0.9133206089062833
0.0822798457057057,443.11514117247646,-76.0037240720902,0.9129859650713948
0.08262997270870871,443.56997423143673,-75.73669877895368,0.9139635132891251
0.0829800997117117,443.84579762853724,-75.20218655905875,0.9131299701596903
0.08333022671471471,444.201670663117,-74.74203600725369,0.9132311234071667
0.08368035371771772,444.6355086903414,-74.41730045361987,0.9132180284774094
0.08403048072072072,445.1329483667889,-74.14286153984594,0.9131778265061505
0.08438060772372373,445.511334620809,-73.6978998896872,0.9141227694038904
0.08473073472672672,446.24168040263874,-73.82450929805398,0.9162947603066499
0.08508086172972973,446.92374392851633,-73.8765804355495,0.9192864544056917
0.08543098873273273,447.36968843960955,-73.6275604336551,0.9203234869611884
0.08578111573573574,447.7603210730003,-73.28040243230355,0.9210270379722871
0.08613124273873873,448.09844054891977,-72.88869895140078,0.9219491803233925
0.08648136974174174,448.58934759425216,-72.73787387774871,0.923265396000225
0.08683149674474475,449.1977775304348,-72.75408243118187,0.9241835104070173
0.08718162374774775,449.689244496445,-72.57954987177008,0.9246113303864332
0.08753175075075074,450.326374564831,-72.57697655272976,0.9245023874335011
0.08788187775375375,450.6228520795961,-72.0595031662793,0.9237175584307177
0.08823200475675676,451.08042201502985,-71.71966146884976,0.9245336279898733
0.08858213175975976,451.57525977837,-71.52298013116663,0.9249188796217378
0.08893225876276276,451.86977109444973,-71.0346169485465,0.9260140499798801
0.08928238576576576,452.40171357825363,-70.87290640251979,0.9283844808095163
0.08963251276876877,452.7294025527277,-70.51258862529932,0.9289653913512129
0.08998263977177177,453.0713207501859,-70.11965562093161,0.92954767595637
0.09033276677477478,453.39371703297076,-69.67986998969712,0.9283495621064589
0.09068289377777777,453.8298873414775,-69.4218055564398,0.9273166984415494
0.09103302078078078,454.33251506979616,-69.319479579334,0.9276951107731588
0.09138314778378379,454.76992770614413,-69.09914589730113,0.9264331941055274
0.09173327478678679,455.2603046298682,-68.94255009236504,0.9265609657174187
0.09208340178978978,455.74249144112105,-68.80418717337746,0.9283015619365098
0.09243352879279279,456.1742888259736,-68.548380105432,0.9296979193638345
0.0927836557957958,456.5680117864842,-68.24472059646827,0.9316835936663906
0.0931337827987988,456.98808043113957,-67.94369918954801,0.9337178914389593
0.0934839098018018,457.39324982854845,-67.67183472640352,0.9348078459307075
0.0938340368048048,457.8726318278683,-67.43255679436331,0.9353668249165942
0.09418416380780781,458.41106353979967,-67.29686906710121,0.9352544202805406
0.09453429081081081,458.72471835858687,-66.8653448515913,0.9357240673914073
0.0948844178138138,459.10515110103154,-66.53290044589815,0.9338784503327993
0.09523454481681681,459.5485326158629,-66.38421168492769,0.9339564596199476
0.09558467181981982,459.9522832191813,-66.12349480244873,0.934571571684697
0.09593479882282283,460.0350962251358,-65.44505211082478,0.9321995497791062
0.09628492582582583,460.38598063724686,-65.10828580366952,0.9336313248701866
0.09663505282882882,460.6694979160172,-64.69044093329597,0.9329990076069162
0.09698517983183183,461.0261655467588,-64.37250736313965,0.9344503567606733
0.09733530683483484,461.60209541819836,-64.29082872914785,0.935584543405959
0.09768543383783784,462.07508071139756,-64.15849334718281,0.9372013290497673
0.09803556084084084,462.6832195129243,-64.15657463801058,0.9388143734420643
0.09838568784384384,463.0425510937553,-63.91368531648257,0.939535983569762
0.09873581484684685,463.6079706489556,-63.84387244586143,0.9419197698659175
0.09908594184984985,463.9673969404378,-63.65314452271008,0.9426062938192974
0.09943606885285285,464.17132270457796,-63.135123668003615,0.9412181733660266
0.09978619585585585,464.6811082038051,-63.06216644063956,0.9425288257324965
0.10013632285885886,465.10178256620634,-62.935190696707004,0.942610648015281
0.10048644986186187,465.60598987414886,-62.812489653264706,0.942093373791288
0.10083657686486486,465.8194520713107,-62.27052392294216,0.9409210048043188
0.10118670386786786,466.21679461320304,-61.99020573759095,0.9410273202036313
0.10153683087087087,466.7086678716232,-61.871601944959174,0.9425548464110292
0.10188695787387388,467.0676522972617,-61.59813041297186,0.9424633180045552
0.10223708487687688,467.36365646755394,-61.14281149475199,0.9431935578299764
0.10258721187987987,467.67660612834504,-60.779730864852866,0.9429943558264366
0.10293733888288288,468.0932853775317,-60.52487214701541,0.9449186910187463
0.10328746588588589,468.48528890730915,-60.30303570818353,0.9450797861889104
0.1036375928888889,468.87279161012555,-60.01470362161344,0.9446453530335643
0.10398771989189189,469.3648790769952,-59.921127991155494,0.9449795884181917
0.10433784689489489,469.70236544839105,-59.67526405385353,0.9441709407044645
0.1046879738978979,470.3118508360339,-59.75402085484034,0.9446113027458601
0.1050381009009009,470.59038545602317,-59.3932654009409,0.944438004401922
0.1053882279039039,470.9081356531353,-59.08507473503944,0.9452204506351759
0.1057383549069069,471.34282268987147,-58.964331878826954,0.9478103452726607
0.10608848190990991,471.78633941613833,-58.88315850262393,0.9505150381178085
0.10643860891291292,472.1612186353864,-58.634622833747194,0.951418656144693
0.10678873591591592,472.4466023896036,-58.24636663471502,0.9529135570196016
0.10713886291891891,472.8834029487204,-58.020654772732584,0.9531347745641812
0.10748898992192192,473.08603358882874,-57.545798419230394,0.9523119823934204
0.10783911692492493,473.47974796055314,-57.29274546346787,0.9530482216276335
0.10818924392792793,473.797416442661,-57.03533917871205,0.9522265742772039
0.10853937093093093,474.06905985839353,-56.700846141064495,0.9508392451226392
0.10888949793393393,474.2742486011813,-56.21417748028981,0.9512326348185172
0.10923962493693694,474.43486931292836,-55.70595559492546,0.9493823172026503
0.10958975193993994,474.9121226301328,-55.65201259855298,0.9511954463340817
0.10993987894294294,475.1674739747947,-55.20677576587929,0.9514110283573144
0.11029000594594594,475.5394773190292,-54.96539476733827,0.9513482320456886
0.11064013294894895,476.03579554175246,-54.92658849342589,0.9540560927283734
0.11099025995195196,476.37850289148844,-54.7426857784241,0.9555195691903543
0.11134038695495495,476.8750230473856,-54.658915207830965,0.9580422739112764
0.11169051395795795,477.1119414437893,-54.26951596954693,0.9585404417592811
0.11204064096096096,477.49953008948376,-54.11104520250697,0.959891479646149
0.11239076796396397,477.8267519370947,-53.94121266945185,0.9611515988934596
0.11274089496696697,478.2156400250011,-53.765242890906045,0.9613116408278264
0.11309102196996997,478.5953634026213,-53.577571489423924,0.9615263941994033
0.11344114897297297,478.9775357659464,-53.462647428065615,0.9607373359816649
0.11379127597597598,479.230062288153,-53.08869297427223,0.9612135770145122
0.11414140297897898,479.5044582707293,-52.71125719352262,0.9608655734512865
0.11449152998198198,479.9288405984904,-52.573733432463236,0.9616455958443423
0.11484165698498498,480.34847824676336,-52.46861211077432,0.9642816567644112
0.11519178398798799,480.6331444343796,-52.1273894563591,0.9650566374813181
0.115541910990991,480.79404447588695,-51.59105615046522,0.9658210847750383
0.11589203799399399,481.1381896771548,-51.34617537970617,0.96687354992353
0.116242164996997,481.6167517984852,-51.31505526089111,0.9680073775875717
0.116592292,481.86346782733847,-50.97235187187482,0.9678707329651844
0.116942419003003,482.38511649586076,-50.98645104061828,0.9683266554112941
0.117292546006006,482.8127972602683,-50.91478588106997,0.9689648968164494
0.117642673009009,483.26181226860984,-50.90285825150045,0.9682457122296841
0.11799280001201201,483.4935449065069,-50.556483977923094,0.9690675495976597
0.11834292701501502,483.80861732183354,-50.32578302841884,0.9702083572782836
0.11869305401801802,484.2832295355547,-50.30660459360235,0.9725725549155161
0.11904318102102102,484.5446868366525,-50.02439923851094,0.9740075712825432
0.11939330802402402,484.91014910296985,-49.82340836995756,0.9755540895107938
0.11974343502702703,485.28695701567597,-49.63214925127503,0.9756061629366823
0.12009356203003003,485.67488676012124,-49.45472298244959,0.9773272121421663
0.12044368903303303,485.998816214649,-49.15751423248659,0.978151058258284
0.12079381603603603,486.3725955458362,-48.972788467861406,0.9786726721892751
0.12114394303903904,486.79739189405404,-48.86756116053106,0.9791000028162088
0.12149407004204205,486.98631311359435,-48.430124187615924,0.9785988612180294
0.12184419704504504,487.37129571021427,-48.26485136328458,0.9789626121336863
0.12219432404804804,487.68444528820794,-48.031521712448665,0.9793168077431395
0.12254445105105105,487.85437649390576,-47.612364621703726,0.979578800378809
0.12289457805405406,488.13195405811217,-47.30428251599022,0.9800065959956047
0.12324470505705706,488.65702795285233,-47.37156936300023,0.9809880498738651
0.12359483206006006,489.003132861513,-47.14909323810471,0.982811242477496
0.12394495906306306,489.3287502758828,-46.95121647447755,0.9827480741199782
0.12429508606606607,489.8460170911345,-46.99646099340145,0.9841704791270033
0.12464521306906907,490.1973807508336,-46.827759588234336,0.9858038794646904
0.12499534007207207,490.44112313957635,-46.50683911469357,0.9861589427320441
0.12534546707507507,490.8774958147958,-46.43875444668133,0.9869621568446063
0.12569559407807807,491.2014383351945,-46.318492920432725,0.9870537782378702
0.12604572108108109,491.6291625604781,-46.222622543709,0.987960235267547
0.12639584808408408,491.7851223735948,-45.79491407765881,0.987481492400236
0.1267459750870871,492.25875691103937,-45.78145460536812,0.9884031762546034
0.1270961020900901,492.3554979949023,-45.27570439262228,0.9874287933267675
0.12744622909309308,492.7712130638163,-45.15788777658361,0.9884535313749933
0.1277963560960961,493.03328887727633,-44.90122038737349,0.9895517811007771
0.1281464830990991,493.29145149622116,-44.609006332845276,0.9902138413410546
0.1284966101021021,493.490393483974,-44.16027083373578,0.9911320225442576
0.1288467371051051,493.7053602855487,-43.85674553755424,0.9914726090316552
0.1291968641081081,494.10424294373126,-43.76687365513118,0.9927753822549048
0.12954699111111112,494.38483914044406,-43.48332828117329,0.9933065543230566
0.1298971181141141,494.7756788850924,-43.388957215121756,0.9929061339299817
0.1302472451171171,495.1802892096169,-43.327095710796335,0.9933857673229202
0.13059737212012013,495.6626180897659,-43.377326807849784,0.993386727703967
0.13094749912312312,496.01067863945684,-43.23821887387115,0.9934980411864842
0.13129762612612614,496.19019297254346,-42.85850810744125,0.993776655750871
0.13164775312912913,496.49679384483863,-42.69100242459143,0.994014855100125
0.13199788013213212,496.7842567290037,-42.462087463533024,0.9948814115992302
0.13234800713513514,497.0484022341392,-42.18839203740721,0.9951907619679006
0.13269813413813814,497.3558217880425,-41.984260689276454,0.9954319891554336
0.13304826114114113,497.7315302825338,-41.86961197189056,0.9958074622696825
0.13339838814414415,498.0137773875919,-41.5978274204618,0.995872668997629
0.13374851514714714,498.2727048201445,-41.32506459259627,0.9964768219339435
0.13409864215015016,498.5598781401855,-41.13640343416272,0.9965379368001981
0.13444876915315315,498.73221006401457,-40.784364650980436,0.9965703829128771
0.13479889615615614,498.8507119160598,-40.293991039603426,0.9966733044105075
0.13514902315915917,499.05158371182824,-39.99812204715786,0.997114387758763
0.13549915016216216,499.2837408784103,-39.7216860928186,0.9970266846120892
0.13584927716516518,499.44858581794614,-39.30053938533534,0.9970829668393009
0.13619940416816817,499.780481333826,-39.15263768858223,0.9970722458523399
0.13654953117117116,500.25676385863625,-39.185059048709064,0.9977225296879745
0.13689965817417418,500.55787057689827,-38.98297517402528,0.9982569502542307
0.13724978517717717,500.96329275997596,-38.91493843589122,0.9983611562514507
0.13759991218018017,501.26542345458813,-38.71563470579963,0.9990466437945288
0.1379500391831832,501.5947391916011,-38.576042445590765,0.9993309908435157
0.13830016618618618,501.7852464144955,-38.20790804912256,0.9996845155592315
0.1386502931891892,502.10610889706305,-38.08960428331524,0.9998379154917544
0.1390004201921922,502.3362597922783,-37.847182572770905,0.9999333028422752
0.13935054719519518,502.5513687189954,-37.52323277739358,0.9998837592300283
0.1397006741981982,502.8114646913698,-37.265067297936305,0.9999538057411408
0.1400508012012012,503.0702358987015,-37.028575977165666,0.9999900535235479
0.14040092820420422,503.29554939326204,-36.700411609153825,0.9999209793283281
0.1407510552072072,503.5152895823774,-36.403269705158486,0.9999988450595412
0.1411011822102102,503.78649518147256,-36.175809726977796,0.9999915174146484
0.14145130921321322,504.0295623016521,-35.89434809213179,0.9999325962536969
0.14180143621621621,504.2630032933524,-35.58019766073788,0.9997511267203637
0.1421515632192192,504.50783957938535,-35.32427403853553,0.9994556950105827
0.14250169022222223,504.9026852350258,-35.2328000450146,0.9989552301212911
0.14285181722522522,505.2529016859719,-35.097013093346895,0.9989055759795615
0.14320194422822824,505.6248043835603,-34.98352890874817,0.998506104887953
0.14355207123123123,506.0485448831425,-34.95838071715493,0.9982279500102967
0.14390219823423422,506.50639173333695,-34.98280065409683,0.9978918799989939
0.14425232523723724,506.6939026721608,-34.65853943467958,0.997739437256303
0.14460245224024024,506.91298896016156,-34.41910957065346,0.9977762219144619
0.14495257924324323,507.23154391447605,-34.276735407209486,0.9963142440709939
0.14530270624624625,507.4752280720731,-34.0488400889568,0.9956736626053881
0.14565283324924924,507.5656282412397,-33.59755584210828,0.9955525119259024
0.14600296025225226,507.91538495384157,-33.47175400925776,0.9949235714887324
0.14635308725525525,508.1635143897085,-33.181529780453175,0.9938390787619004
0.14670321425825825,508.4566375183497,-32.91534309245552,0.9933345971796849
0.14705334126126127,508.7262220751468,-32.6777825491695,0.9923239694860863
0.14740346826426426,509.0325656711946,-32.47116189615307,0.9913812606704463
0.14775359526726728,509.1745572140874,-32.07302559375197,0.9909655581988707
0.14810372227027027,509.40006575496625,-31.79458091036634,0.9895947997757734
0.14845384927327326,509.5874640478729,-31.475181727751846,0.9883445414118884
0.14880397627627628,509.76207539451235,-31.16649337948002,0.9878548064119631
0.14915410327927928,510.0491625518272,-30.987421990466277,0.9873869463205799
0.14950423028228227,510.4429942059885,-30.947718328009316,0.9863417850441246
0.1498543572852853,510.8209412029566,-30.89234980552425,0.9854023893349589
0.15020448428828828,511.0718635877319,-30.651997185812753,0.9853903189878649
0.1505546112912913,511.3965356351608,-30.50209430780313,0.9830405839541201
0.1509047382942943,511.69899447041433,-30.34961849161154,0.9815136110107268
0.1512548652972973,512.0945324826179,-30.30912837445782,0.9783714598438618
0.1516049923003003,512.2276768599776,-29.9531685693962,0.9758050626928614
0.1519551193033033,512.3607389718633,-29.569338355978623,0.9735137862937242
0.15230524630630632,512.6084703952739,-29.371561546563033,0.9724552685505654
0.1526553733093093,512.7293320089636,-28.965942994317764,0.9719393272509399
0.1530055003123123,512.9257962324158,-28.650424653806752,0.9702913969020915
0.15335562731531532,513.2081906474367,-28.481048648343894,0.9695856746040649
0.15370575431831832,513.4654833428522,-28.259219409571376,0.969161895129552
0.1540558813213213,513.6381239040049,-27.854977932364736,0.9669027490945874
0.15440600832432433,513.9586846851644,-27.734111734093688,0.963743764768381
0.15475613532732732,514.2250238137187,-27.52425778138221,0.9600647976692502
0.15510626233033034,514.4233567926044,-27.198276834182845,0.9584352875558662
0.15545638933333333,514.6331205973403,-26.933413872150798,0.9520028634169595
0.15580651633633633,514.8719720500862,-26.69326702232437,0.9472409954103643
0.15615664333933935,515.1779120720294,-26.59689769594991,0.9472658814644408
0.15650677034234234,515.3448362839916,-26.29682792158021,0.9447420051839597
0.15685689734534536,515.6182771424753,-26.132207160182524,0.9429167701668709
0.15720702434834835,515.9469774986287,-25.99878895629209,0.9414470968150099
0.15755715135135134,516.2046799342924,-25.851992826473843,0.9369891067124662
0.15790727835435436,516.3929275991378,-25.562671990656884,0.9329017514766064
0.15825740535735736,516.5540623796644,-25.21314776077281,0.9246990486269954
0.15860753236036035,516.7005799921903,-24.866219466073574,0.9174945856652091
0.15895765936336337,516.8929231744576,-24.587957626558634,0.909892589882492
0.15930778636636636,517.180049479079,-24.40944474576329,0.903489285569142
0.15965791336936938,517.3521084994156,-24.063705851512687,0.8984553637568775
0.16000804037237237,517.6704671127096,-23.945450817058173,0.8960505581562543
0.16035816737537537,517.9074336201863,-23.72215420602275,0.8949808687160898
0.16070829437837839,518.0929181728455,-23.39319673130315,0.8954412662097047
0.16105842138138138,518.2993861060704,-23.149219491252765,0.8909593403846939
0.16140854838438437,518.5244791948728,-22.934240257463582,0.8900595522196685
0.1617586753873874,518.8013327729388,-22.77791302294655,0.8844026316195127
0.16210880239039038,519.0414457595439,-22.588206585386814,0.8789531246271803
0.1624589293933934,519.3219266772786,-22.4586311288225,0.8759967146807428
0.1628090563963964,519.6260926912205,-22.300074235238508,0.8686487228988446
0.1631591833993994,519.9031925703725,-22.110530693667677,0.860337472825997
0.1635093104024024,520.1957108155954,-21.98652035065584,0.8556425534387176
0.1638594374054054,520.5123524467468,-21.87197785873082,0.8470063162475964
0.16420956440840842,520.7619306241126,-21.67598960149709,0.8392947875118167
0.1645596914114114,520.9709658063246,-21.436409155343494,0.8315208289307305
0.1649098184144144,521.0640812797764,-21.06271795766755,0.8266979067567709
0.16525994541741743,521.3014084284295,-20.8601982281231,0.8208981262719575
0.16561007242042042,521.5512911604555,-20.64373750245614,0.8167426385446992
0.1659601994234234,521.7310874685727,-20.386181595498957,0.81342272781123
0.16631032642642643,521.9281104750058,-20.131895406878886,0.807753042036014
0.16666045342942942,522.1706998871776,-19.894859302355915,0.7992046880399999
0.16701058043243244,522.4336417038928,-19.685019704924656,0.7845409006328887
0.16736070743543544,522.6407018620544,-19.41857667677069,0.7703958024656001
0.16771083443843843,522.7858520699058,-19.072155676459708,0.754300975088915
0.16806096144144145,523.0008117961936,-18.82939452896921,0.7450609494237851
0.16841108844444444,523.3087054760749,-18.67955938038472,0.7363437434947595
0.16876121544744746,523.574756901225,-18.542702636244734,0.7287426325875586
0.16911134245045045,523.8789292840706,-18.447823075242972,0.7248741480997439
0.16946146945345344,524.171913373502,-18.331071067340833,0.7208359048886361
0.16981159645645647,524.3457576702391,-18.08305946275297,0.7133545152282087
0.17016172345945946,524.5609231013136,-17.870998872453836,0.7077462784189843
0.17051185046246245,524.7262992753834,-17.591538673809097,0.6979995022767185
0.17086197746546547,525.0130658409345,-17.484877078005656,0.6873644718305149
0.17121210446846846,525.2020321891592,-17.198175522048402,0.6770038636017647
0.17156223147147148,525.4440677816111,-16.98927128308176,0.6613552640694047
0.17191235847447447,525.6515659890896,-16.713324864312433,0.6462187806919681
0.17226248547747747,525.9296965650519,-16.505168479755856,0.6343415050085995
0.1726126124804805,526.1630717070865,-16.291570868669066,0.6184045969558825
0.17296273948348348,526.2303920596731,-15.844321780623925,0.6009869955874301
0.17331286648648647,526.3478247775704,-15.510703760795819,0.5854134188461271
0.1736629934894895,526.4409336315913,-15.117834247990832,0.5626026927756367
0.17401312049249248,526.5311867600979,-14.769029756491474,0.5498272210462493
0.1743632474954955,526.6576839874108,-14.408972256948934,0.5292812640791267
0.1747133744984985,526.8614397573224,-14.198086182758095,0.5195216890345625
0.1750635015015015,527.1231153944126,-14.035666971744604,0.510576644168822
0.1754136285045045,527.3535598332722,-13.821949301665555,0.49488932175390177
0.1757637555075075,527.5772404886653,-13.604499026970782,0.479082676524206
0.17611388251051052,527.8124753041614,-13.398722041745685,0.4647524100344097
0.17646400951351351,528.0503347509787,-13.253558545671694,0.4550431548865367
0.1768141365165165,528.2857726590967,-13.050693318966688,0.44171917111498626
0.17716426351951953,528.511304178975,-12.815364122835774,0.42497079986335595
0.17751439052252252,528.6054380837753,-12.456008196996244,0.4083343002043632
0.1778645175255255,528.898059758949,-12.316405096614956,0.3985966263368181
0.17821464452852853,528.9909850017361,-11.969144214470024,0.37897690591104644
0.17856477153153152,529.258855029822,-11.810372408805772,0.36988981537122106
0.17891489853453454,529.3887819192028,-11.494989613886645,0.3514534422870728
0.17926502553753754,529.5389130150581,-11.219282127548333,0.33859032616759754
0.17961515254054053,529.726102190548,-10.947809824644166,0.3205042272707852
0.17996527954354355,529.8107498574542,-10.597208668032188,0.3015110661394828
0.18031540654654654,530.0359968198869,-10.401790404516012,0.28779190699561236
0.18066553354954956,530.2426403630856,-10.161770193498784,0.26830218673551615
0.18101566055255255,530.4787320899567,-10.02168701105087,0.2601949772752051
0.18136578755555555,530.589011557026,-9.67597655183061,0.2403734521181393
0.18171591455855857,530.9500916330404,-9.654195905738844,0.2353936700982392
0.18206604156156156,531.3038254782317,-9.60844115240273,0.22920512239817276
0.18241616856456455,531.4566481886748,-9.34008522852089,0.2176741110153547
0.18276629556756757,531.7841879830643,-9.297186585409671,0.21495955866901348
0.18311642257057056,531.9366777212252,-9.060861452571189,0.2026056890984899
0.18346654957357358,532.062839992175,-8.796382092980014,0.19180467861365202
0.18381667657657658,532.1557485002733,-8.440543211570139,0.17428780227036736
0.18416680357957957,532.2964008589313,-8.172621745552172,0.16359374428919835
0.1845169305825826,532.4441330349688,-7.880045542847774,0.15127038157187392
0.18486705758558558,532.6825387110949,-7.691484749457179,0.1414688849114528
0.1852171845885886,532.8718668255528,-7.416356979718267,0.13096251969989686
0.1855673115915916,532.9964112877109,-7.110270318931601,0.12025358578119527
0.1859174385945946,533.2188453732443,-6.858659614205408,0.11034295189820968
0.1862675655975976,533.2424470043461,-6.389850881331467,0.09683983527339911
0.1866176926006006,533.3134257871426,-5.998921136711819,0.08494689621062605
0.1869678196036036,533.4319154144958,-5.661205063793859,0.07530048786226841
0.1873179466066066,533.6151571309979,-5.470783877695339,0.07045996319865272
0.1876680736096096,533.7846205055012,-5.197690067745127,0.06304372143955203
0.18801820061261262,534.0120918263547,-5.0188295776526495,0.05804023719564986
0.18836832761561562,534.2863263168387,-4.902911865710053,0.05560378896090417
0.1887184546186186,534.430619054798,-4.594807636149133,0.04809161683873069
0.18906858162162163,534.5466702936965,-4.2767382228318205,0.04091778826280696
0.18941870862462462,534.761186240992,-4.054905751860961,0.036232232410815274
0.1897688356276276,534.7722549996927,-3.605912185189676,0.028506667687955792
0.19011896263063063,534.9526530298314,-3.394711926117934,0.02454043797118744
0.19046908963363363,535.0103544706228,-2.996216510349156,0.01902913474820734
0.19081921663663665,535.1965875893633,-2.755726694461706,0.016152046897697052
0.19116934363963964,535.3315309499653,-2.4596254753651214,0.012728689391902562
0.19151947064264263,535.3666910218075,-1.9767785062133871,0.008192295724082867
0.19186959764564565,535.5472990626135,-1.726440520705827,0.0062601208323511065
0.19221972464864864,535.6916910974228,-1.442922015592734,0.004357479322618117
0.19256985165165166,535.7424411895415,-1.0527226085795525,0.002321621688313279
0.19291997865465466,535.8403517707942,-0.67168512890227,0.0009290424177525159
0.19327010565765765,535.815868029203,-0.12099163019844927,2.9511063571562798e-05
0.19362023266066067,536.0242904307494,0.06165304667014228,7.520502198772065e-06
0.19397035966366366,536.0640174900487,0.49314676938720203,0.0004659734237014519
0.19432048666666665,536.1882702570008,0.8157142169702685,0.0012589783871777705
0.19467061366966967,536.3234230739015,1.120701182021934,0.0023191347425421155
0.19502074067267267,536.5508537605675,1.2679386015473386,0.0029083612319511795
0.19537086767567569,536.622817742252,1.5855051704166299,0.004472226135902033
0.19572099467867868,536.8673862675571,1.76197883453077,0.005474672011062831
0.19607112168168167,537.1352625396153,1.8665735240872188,0.006168535018707293
0.1964212486846847,537.3143077558118,2.0836362581659236,0.0076550651360456695
0.19677137568768768,537.5141678503618,2.314483560034442,0.009343054473121854
0.1971215026906907,537.5928293837046,2.6558843377270436,0.012286381941542456
0.1974716296936937,537.7198925478108,2.9709882355510313,0.014955476467446997
0.1978217566966967,537.8027288053324,3.3188284822874237,0.018429540576121825
0.1981718836996997,537.8413993317647,3.7407196521767387,0.02287756844107977
0.1985220107027027,537.9787149764132,4.055884369141056,0.026227656417236737
0.1988721377057057,538.1558238300756,4.306289284989426,0.028974847198792893
0.1992222647087087,538.3200084495065,4.602663753205335,0.03240596767174465
0.1995723917117117,538.4091043117885,4.947646368887621,0.03691553981493278
0.19992251871471473,538.4638836319293,5.317112474995513,0.04189432928780836
0.20027264571771772,538.4931434296892,5.751640045162278,0.04787180592649163
0.2006227727207207,538.5776651241157,6.054517573132291,0.05191995181159002
0.20097289972372373,538.6798955093768,6.36944393143962,0.0561048585306248
0.20132302672672672,538.727438753091,6.715754041561146,0.06114001413525806
0.20167315372972971,538.8590548603378,7.021380516367097,0.06600626258549093
0.20202328073273274,539.0676522638682,7.232791325687709,0.06843167327758974
0.20237340773573573,539.3784895658346,7.281992766507632,0.0686756958415493
0.20272353473873875,539.5425250211084,7.535352124166004,0.07210068576243538
0.20307366174174174,539.658230499369,7.8991497985199235,0.07801761145022927
0.20342378874474473,539.746780621475,8.269463163256878,0.08312260948043618
0.20377391574774775,539.7376162059699,8.750648726618614,0.09035221830422113
0.20412404275075074,539.7593311102092,9.180774389526494,0.09745173071118508
0.20447416975375377,539.7025103361043,9.725846108478674,0.10544057453294792
0.20482429675675676,539.7024981214148,10.182661965156024,0.11380627129234087
0.20517442375975975,539.6985243535623,10.653487506435983,0.12171153490500611
0.20552455076276277,539.7617032234167,11.026222730050172,0.12911767170151126
0.20587467776576576,539.7655478171413,11.48014051851424,0.13768321231564512
0.20622480476876875,539.9150361281223,11.718821618812148,0.14211576782993596
0.20657493177177177,540.0112655683441,12.083722080384197,0.14777934277620644
0.20692505877477477,540.1396734169884,12.318655719438091,0.1509695154145679
0.2072751857777778,540.4202152319864,12.367190667400637,0.1494458429934457
0.20762531278078078,540.5775755399311,12.612326777858101,0.15077686125635023
0.20797543978378377,540.6165783718192,12.992997586172947,0.1576879079759986
0.2083255667867868,540.7767567857364,13.281997623554473,0.16067090750254828
0.20867569378978978,540.8649041085978,13.579990957140593,0.16589051126594132
0.2090258207927928,541.1047599760237,13.705070074870482,0.16486988015426662
0.2093759477957958,541.2840885775196,13.928937064298102,0.1676237299449173
0.2097260747987988,541.3885624644743,14.205892086494115,0.1721893601873457
0.2100762018018018,541.5215195161376,14.487294756867177,0.17533593033840392
0.2104263288048048,541.5557941977057,14.947986907048875,0.1843954874698952
0.2107764558078078,541.514187616838,15.465686575322517,0.19255685148642385
0.21112658281081081,541.6206793729908,15.818289315886162,0.1987071970724808
0.2114767098138138,541.6844359261797,16.202252355408017,0.203468476918783
0.21182683681681683,541.7690975053297,16.528646566743063,0.20435999759479112
0.21217696381981982,541.8642717359323,16.82078717268338,0.20930726152764198
0.2125270908228228,541.9645076324655,17.210537266663167,0.2135893409571594
0.21287721782582583,541.9737606478527,17.638726603726074,0.22123308278079157
0.21322734482882882,542.0478526571728,17.939653467299244,0.22594691010871176
0.21357747183183184,542.1855429687822,18.20842444493359,0.22975302850913865
0.21392759883483484,542.2603987490853,18.542133162413812,0.2363515481869321
0.21427772583783783,542.394662372081,18.765838426302846,0.2376105520261608
0.21462785284084085,542.6068384263722,18.89822478470166,0.23914018296988257
0.21497797984384384,542.691757387971,19.235167181189155,0.24278400218152207
0.21532810684684683,542.8020269317702,19.556299395028066,0.24741601177715647
0.21567823384984985,542.959101211786,19.774206934637228,0.24809885322504666
0.21602836085285285,542.9084427114881,20.276808076649854,0.25430359923437484
0.21637848785585587,542.8378969160573,20.83380471766375,0.2621865037349062
0.21672861485885886,542.8956614752292,21.215452911249788,0.2639061824943353
0.21707874186186185,542.9743397986542,21.516779462005573,0.266414736421918
0.21742886886486487,542.9038907410672,22.057433453713426,0.27452300604325697
0.21777899586786786,542.9063273296528,22.523069199244876,0.2807907519291292
0.21812912287087086,542.954343966052,22.891947562104967,0.28599071816243155
0.21847924987387388,543.1104323417882,23.134871197113984,0.28836208713140526
0.21882937687687687,543.1924341295899,23.460693700953932,0.294092513549282
0.2191795038798799,543.240564668579,23.847200368124497,0.29833173963265674
0.21952963088288288,543.4282335501747,24.053725615904284,0.30011694356243185
0.21987975788588587,543.5249400749397,24.37482836485967,0.30173045563517886
0.2202298848888889,543.5421448954594,24.822084309937573,0.3075882849651421
0.2205800118918919,543.6521609988037,25.09489308228751,0.3094790793192565
0.2209301388948949,543.6450714292313,25.557468334840344,0.31608259229876956
0.2212802658978979,543.7429666716075,25.84811541501995,0.31795091323404095
0.2216303929009009,543.852515901058,26.15830464231873,0.3198531412761941
0.2219805199039039,543.8755163107918,26.525595386388662,0.32512388088644245
0.2223306469069069,543.8878880492842,26.981928293896313,0.3312038136338728
0.2226807739099099,543.865174935369,27.379406781437506,0.33534815032670007
0.22303090091291292,543.9414212535945,27.716256934437137,0.3400020569062202
0.2233810279159159,543.922253368136,28.119045395074544,0.34308128599420623
0.22373115491891893,543.8830824634365,28.6323236494892,0.3504097118576825
0.22408128192192192,544.0219214178079,28.894313412614583,0.3510783440895104
0.2244314089249249,544.0391943479168,29.305370049554647,0.35591849758933813
0.22478153592792793,544.1076467197979,29.65728205804401,0.3585967312481581
0.22513166293093093,544.1069300930317,30.084986092746043,0.36184685783491305
0.22548178993393395,544.1880964986001,30.397121321035275,0.36427180453423535
0.22583191693693694,544.2165664318434,30.782137717363632,0.36628703996823586
0.22618204393993993,544.1107511770321,31.32090695858346,0.37336297656891765
0.22653217094294295,544.1392001218742,31.710165066241,0.37590373120475495
0.22688229794594594,544.1091670059417,32.136653028242314,0.3798854203893582
0.22723242494894894,544.0701458836794,32.61352940946029,0.3844258340502205
0.22758255195195196,544.1480352311643,32.93997474988464,0.38821586505138833
0.22793267895495495,544.2838838783352,33.17629708360181,0.38997889441034334
0.22828280595795797,544.30587234453,33.595746778117864,0.393231514488816
0.22863293296096096,544.3731484630149,33.93073199924967,0.3956243000780873
0.22898305996396395,544.3448643234937,34.437211830285385,0.39966767444753354
0.22933318696696697,544.3243439545669,34.86468936826432,0.4032664894180226
0.22968331396996997,544.3170358329861,35.292221310208184,0.4052398945959832
0.23003344097297299,544.3578139160164,35.674355295707,0.4070090685543659
0.23038356797597598,544.3736907648473,36.06482682962196,0.4113791220306628
0.23073369497897897,544.4021229575594,36.49579996646851,0.41424180690056894
0.231083821981982,544.384968071369,36.94410200780741,0.42067535084619934
0.23143394898498498,544.4842535131605,37.248094065424965,0.4210743467472729
0.23178407598798798,544.4519441872518,37.705950402287534,0.42645551437065915
0.232134202990991,544.4945649325605,38.02833335319143,0.428278405813224
0.232484329993994,544.6236731032138,38.31068942208701,0.4287182721001654
0.232834456996997,544.594522421199,38.726188139484094,0.4314369399329661
0.233184584,544.6959397666658,39.052518210546275,0.43321641318005716
0.233534711003003,544.7170925295931,39.42947442885151,0.4344053975112315
0.233884838006006,544.8689032055386,39.66480130823106,0.43402755003919574
0.234234965009009,544.8361425675547,40.13327323755143,0.43665961992304836
0.234585092012012,544.9415500054492,40.424916915524015,0.43749421742251193
0.23493521901501502,544.8859920860612,40.91307692614299,0.44150479359487577
0.235285346018018,544.7360898236672,41.551454520754966,0.44734038454128044
0.23563547302102103,544.8283083993718,41.8773161972706,0.44856008044263324
0.23598560002402402,544.8134025464954,42.266913955487,0.4517669272760723
0.23633572702702701,544.8972421990577,42.581691822553715,0.45392831691821406
0.23668585403003004,544.882237191555,43.050811351264024,0.45771717094439257
0.23703598103303303,544.8906260445979,43.49349500885318,0.4615332038105392
0.23738610803603605,544.8524375612321,43.94018712667357,0.46408926704782777
0.23773623503903904,544.9207360591608,44.31096156058042,0.46675353017450905
0.23808636204204203,544.7861666236893,44.91120244146004,0.4709142097096783
0.23843648904504505,544.8177718205991,45.31765955231487,0.4716236678377303
0.23878661604804804,544.7585354033133,45.78945552996663,0.47380039946474384
0.23913674305105104,544.7476491012052,46.24048489928831,0.4748384592303492
0.23948687005405406,544.7536409209208,46.63550016140276,0.4764876329799371
0.23983699705705705,544.7514691216833,47.03877560857097,0.47802894082462066
0.24018712406006007,544.7791329438787,47.41323790504387,0.47930365903136773
0.24053725106306306,544.7869891840695,47.79792523627504,0.4796761095991956
0.24088737806606605,544.8684937427994,48.103164685585845,0.48191366822530374
0.24123750506906907,544.8848732023769,48.48943917760501,0.48379941147228855
0.24158763207207207,544.9335487652664,48.884511672686656,0.48501114830812597
0.2419377590750751,544.9164039598387,49.295430742684,0.48717441356251534
0.24228788607807808,544.9245919896098,49.72623822524221,0.4888542623627244
0.24263801308108107,544.938603745619,50.12351813742301,0.49035780238602855
0.2429881400840841,544.9348040418612,50.49745279879346,0.49087413392314105
0.24333826708708708,544.9174402575999,50.92955021745758,0.492327903474437
0.24368839409009008,544.8528619524835,51.43932031183305,0.4962264078637082
0.2440385210930931,544.8290410799016,51.91626318308507,0.500155479103654
0.2443886480960961,544.8014761991533,52.35129827804121,0.5023908877800815
0.2447387750990991,544.7651347477799,52.83613392611797,0.5048612007461458
0.2450889021021021,544.6629999497569,53.37798112033729,0.5077775747610266
0.2454390291051051,544.7258105111086,53.70887188771982,0.5076204507122104
0.24578915610810811,544.7176967606616,54.139958502796745,0.5087031984868267
0.2461392831111111,544.6260253481637,54.71775921314528,0.5124030490250003
0.24648941011411413,544.6360521652573,55.07863488173038,0.5120194610853314
0.24683953711711712,544.7099252689632,55.357940768190055,0.51047580143697
0.2471896641201201,544.7874571910638,55.6500286712928,0.5105442128392598
0.24753979112312313,544.6589108112643,56.277602054271554,0.5142856276980946
0.24788991812612612,544.6370992638614,56.732441912250984,0.5162936645150524
0.24824004512912912,544.57005427938,57.197653802507816,0.5187869016394923
0.24859017213213214,544.5644870641272,57.60517797062159,0.5194225760699634
0.24894029913513513,544.4018742114497,58.28245189043131,0.52336307451021
0.24929042613813815,544.3549425405291,58.746325177906655,0.5258789636241197
0.24964055314114114,544.2760425777441,59.278111194695285,0.5276811840416887
0.24999068014414413,544.2091777273591,59.80299921073058,0.5306984634174009
0.2503408071471471,544.1086779261951,60.36825060134848,0.5324668294935887
0.25069093415015015,544.1738886264587,60.70667920894036,0.5335684928011902
0.25104106115315317,544.2390225211187,61.032699345537495,0.5333730636319997
0.25139118815615613,544.181537100052,61.52375180685672,0.535485896885926
0.25174131515915915,544.1935814403281,61.92137795085071,0.5358413952426997
0.25209144216216217,544.2902680883979,62.18420635289083,0.5348504653768253
0.2524415691651652,544.2812666849303,62.57086676186333,0.5366923132814597
0.25279169616816816,544.1860556520035,63.04556932025796,0.5384344932550005
0.2531418231711712,544.1801252806719,63.39636010812103,0.5388642266086623
0.2534919501741742,544.2099729738093,63.717531702810085,0.5391760192320739
0.25384207717717716,544.2204162472078,64.08239708163546,0.5413253943166735
0.2541922041801802,544.2735438594686,64.36853123563918,0.5410755741122685
0.2545423311831832,544.2711523589339,64.8138797022058,0.5419090291636665
0.25489245818618617,544.2511529872243,65.32308554536415,0.5429319617613501
0.2552425851891892,544.2377305153536,65.73730202000984,0.543304808987543
0.2555927121921922,544.2045438341768,66.19668376312765,0.545047632860195
0.25594283919519517,544.0073576775052,66.89808175988638,0.5485576079513595
0.2562929661981982,543.9749162432408,67.38303897212569,0.5499011760635907
0.2566430932012012,543.8548752263872,67.99419205564212,0.5530284562852316
0.2569932202042042,543.7261200361767,68.55890758981913,0.5553556660110244
0.2573433472072072,543.6946388166268,69.01189426879547,0.5574279358834262
0.2576934742102102,543.568127403905,69.57398054263794,0.5600953427053754
0.25804360121321324,543.4950973315254,70.04353912295842,0.5614980278002693
0.2583937282162162,543.529667246502,70.37100246684629,0.5612026655898179
0.2587438552192192,543.555323828309,70.7300740051239,0.5618434534200983
0.25909398222222224,543.5137691828215,71.12128069711248,0.5626710040981636
0.2594441092252252,543.5021840920826,71.56135988554404,0.5627393788086523
0.2597942362282282,543.5512361819193,71.8808581249333,0.5634624825589614
0.26014436323123125,543.5496101896516,72.2255396956677,0.5636321485299273
0.2604944902342342,543.4800443022705,72.73916879398944,0.5655196438762717
0.26084461723723723,543.3805037749408,73.27286781688916,0.566834160858851
0.26119474424024025,543.3194261361749,73.750683332949,0.566895591474512
0.2615448712432432,543.2747704443485,74.1883813129958,0.5683759449509939
0.26189499824624624,543.1482548245611,74.79168860141193,0.5703204334708929
0.26224512524924926,542.928800419272,75.49853866494735,0.5726855865172532
0.2625952522522523,542.8560635291449,75.99367001635638,0.5735324792132208
0.26294537925525524,542.9798859595006,76.17968836104005,0.5731499329469966
0.26329550625825826,542.9942427646529,76.5769825503518,0.5737895786372966
0.2636456332612613,542.9001626995014,77.11649493039613,0.5752927938637054
0.26399576026426425,542.9574647654538,77.48012028006907,0.5766544869294824
0.26434588726726727,542.9320429841501,77.9390740088233,0.5773816629505266
0.2646960142702703,542.9248046018552,78.34219309760492,0.577928766227306
0.26504614127327325,542.8790760582322,78.78395693721487,0.5782797389742139
0.26539626827627627,542.8079021813345,79.2611018453672,0.5799657693503797
0.2657463952792793,542.6913828388533,79.79077184331037,0.581628899331881
0.26609652228228226,542.7064689409942,80.14893661905631,0.5812794555925596
0.2664466492852853,542.6983182044671,80.53862482291807,0.5824409629681537
0.2667967762882883,542.5840413530564,81.11605852609988,0.5853703696699909
0.2671469032912913,542.3932767626118,81.80173456724819,0.587099788301147
0.2674970302942943,542.3605240462405,82.23793980250979,0.5877533091120458
0.2678471572972973,542.3643690282934,82.64536441490631,0.5875426681576967
0.2681972843003003,542.2099432928507,83.27027366322893,0.5894636940243668
0.2685474113033033,542.0967969097794,83.87159797954827,0.5913077710932979
0.2688975383063063,542.0014402596631,84.36465767484596,0.5906784749932545
0.2692476653093093,541.9756120292483,84.79955401865907,0.5907454167790064
0.2695977923123123,541.8245347734273,85.4236802816115,0.592454884861319
0.2699479193153153,541.7329827859281,85.95992156955622,0.5937592851535375
0.27029804631831833,541.660986973602,86.42395979410271,0.5950359481022581
0.2706481733213213,541.6241797571794,86.85580309747023,0.5954535607453124
0.2709983003243243,541.5049595810665,87.39843588764248,0.5971771876369805
0.27134842732732734,541.3941297206756,87.92735929880871,0.5990132226839137
0.27169855433033036,541.344661540543,88.35131196057831,0.5995006546762152
0.2720486813333333,541.2780744809858,88.86498108599297,0.6000414021016641
0.27239880833633634,541.2392424155203,89.31948036600035,0.600505257829029
0.27274893533933936,541.2520701546966,89.68667040810413,0.599895957274528
0.2730990623423423,541.1509075512329,90.25641343515207,0.6010919940000685
0.27344918934534534,541.0771601525964,90.76903898180463,0.6012201225661781
0.27379931634834836,541.007600315465,91.28089104645937,0.6020159057796945
0.27414944335135133,540.975429926647,91.72618202693255,0.6024389051502516
0.27449957035435435,540.8304990780855,92.34483016952895,0.6034113271572598
0.27484969735735737,540.7840363470118,92.83030943692137,0.6051394619733487
0.27519982436036033,540.6665486317108,93.35836261648633,0.606264954623486
0.27554995136336335,540.5758268903252,93.90644961434012,0.6085047092609135
0.2759000783663664,540.412022422013,94.54667330736828,0.6104765627886144
0.2762502053693694,540.4125124357307,94.91815459089607,0.6108898186361928
0.27660033237237236,540.3972583952383,95.35124707817222,0.6113551081994664
0.2769504593753754,540.3643274924748,95.78237839012988,0.6126895918545472
0.2773005863783784,540.267783823114,96.33661486472086,0.6131818508576495
0.27765071338138136,540.2061921677528,96.82698653156683,0.6125558974120966
0.2780008403843844,540.2236879366977,97.17487625397786,0.6118195639072751
0.2783509673873874,540.0687672052887,97.82707088862342,0.6126905079440201
0.27870109439039037,539.9900351538633,98.2999236370416,0.6132252931124933
0.2790512213933934,539.9682268676813,98.68348185994789,0.6133242174680221
0.2794013483963964,539.9182279304996,99.13202797979596,0.6142200929695784
0.2797514753993994,539.9013979187727,99.58329109439954,0.614918272089651
0.2801016024024024,539.7561117965608,100.18683008264877,0.6165410052078838
0.2804517294054054,539.7027991330112,100.6543879925847,0.6186787840957828
0.28080185640840843,539.5139130367918,101.33941153047724,0.6207904525393225
0.2811519834114114,539.4247031663459,101.858018637949,0.621079267156785
0.2815021104144144,539.3277946578814,102.36980847101164,0.6219602607946748
0.28185223741741744,539.3308023805901,102.7950740821378,0.6216709176163248
0.2822023644204204,539.1764103630254,103.44158408651835,0.6232219985573529
0.2825524914234234,539.0792471651191,103.96252861591698,0.623600060940021
0.28290261842642644,539.0401509280008,104.401992425385,0.623731844246966
0.2832527454294294,538.9538018045436,104.91196178718643,0.6249960621514874
0.28360287243243243,538.8483684192825,105.42740024408344,0.625645183804379
0.28395299943543545,538.8321883779171,105.80052180130542,0.6260858340769092
0.2843031264384384,538.7065046975588,106.3255066615193,0.6275531794072129
0.28465325344144143,538.585101508374,106.91974783147948,0.6279878458360928
0.28500338044444445,538.545303495868,107.34182025214368,0.6276328123319789
0.2853535074474474,538.6605253060285,107.5663171063392,0.6264221439824413
0.28570363445045044,538.6508473445866,107.99653619823717,0.6263691667747529
0.28605376145345346,538.4729253439766,108.66766368130156,0.6279562728915313
0.2864038884564565,538.4796682463611,109.08237536807462,0.6284613816467938
0.28675401545945944,538.4449383290925,109.53010748882272,0.6288354888720155
0.28710414246246246,538.373149798532,110.02399527928924,0.6306708209858197
0.2874542694654655,538.1515527585582,110.72006547223944,0.6331976045032203
0.28780439646846845,538.0282907544882,111.29313431502901,0.6348636081455623
0.28815452347147147,537.8544517175569,111.90626851586178,0.6364910677309447
0.2885046504744745,537.7318020052486,112.47098461739357,0.6381106629657236
0.28885477747747745,537.5737221799062,113.08304954624417,0.6389488174614553
0.2892049044804805,537.5217789789813,113.49955669437499,0.6389654507130156
0.2895550314834835,537.4837764106003,113.94351743494272,0.639041930123107
0.28990515848648646,537.468927523191,114.36688960248091,0.6393040794152851
0.2902552854894895,537.4653333972292,114.80455765279457,0.639034207369623
0.2906054124924925,537.5453539882099,115.11655015160939,0.6386778884891365
0.2909555394954955,537.5416843833169,115.51893855724758,0.6384493735391857
0.2913056664984985,537.4714178424651,115.98327802064405,0.6391898129756445
0.2916557935015015,537.3640636071431,116.44140742130861,0.639363934669131
0.2920059205045045,537.3076489979685,116.90598784332093,0.6400620354914459
0.2923560475075075,537.1472533571284,117.49481408546993,0.6405186990739171
0.2927061745105105,537.0159161601732,118.05655728823442,0.6415944149745701
0.29305630151351353,536.9720512569957,118.52502149515027,0.6416915038328674
0.2934064285165165,536.8558391488274,119.09470578754573,0.6425721736113806
0.2937565555195195,536.8243699835726,119.559295400438,0.6432623068205249
0.29410668252252253,536.7087084340018,120.06966091541125,0.6439012948574251
0.2944568095255255,536.6642322835911,120.59148604548668,0.6448895124076234
0.2948069365285285,536.5229325161041,121.17804946203954,0.6455118595223053
0.29515706353153154,536.5038311168761,121.6236262441632,0.6456280400082645
0.29550719053453456,536.4890464716328,122.06267188259002,0.6459919492364623
0.2958573175375375,536.4063652139548,122.56989563853116,0.6467494235008341
0.29620744454054054,536.3616168919436,123.01344621475367,0.6474733674157443
0.29655757154354356,536.3730206310905,123.39358583873569,0.6467150833917257
0.29690769854654653,536.1922338868019,124.00868596646701,0.6483480238522684
0.29725782554954955,536.2169498701994,124.36712456643933,0.647836569785348
0.29760795255255257,536.1885818714695,124.79023341044875,0.6480267868523155
0.29795807955555553,536.1036247439723,125.29930394364949,0.6482509650719356
0.29830820655855855,536.1501034603142,125.65259338553886,0.6485207294613882
0.2986583335615616,536.0683385951268,126.16911771037057,0.6487391877474113
0.29900846056456454,536.0028194352324,126.70940489649949,0.6498386398837595
0.29935858756756756,535.9040641268286,127.25876064971044,0.6507161493650462
0.2997087145705706,535.9344936515337,127.62043303124513,0.6507673746495087
0.3000588415735736,535.8394334695364,128.12196074245438,0.6515984156121355
0.30040896857657656,535.6716738039856,128.78149645468824,0.6541333225869546
0.3007590955795796,535.5238233542359,129.35863960490389,0.6557288855028127
0.3011092225825826,535.5032708579038,129.73613241210927,0.6557251946532245
0.30145934958558557,535.4246617984442,130.24696863294616,0.6566582109404662
0.3018094765885886,535.3438164251461,130.81755343871137,0.6576642001419762
0.3021596035915916,535.2967698331151,131.2706712432283,0.6573139604568129
0.3025097305945946,535.3714184444939,131.51437653434343,0.6565727684692153
0.3028598575975976,535.4830697309771,131.82241224120773,0.6563169775222873
0.3032099846006006,535.4046326679774,132.38806120551482,0.6569205013952877
0.3035601116036036,535.5207441363821,132.6257147312844,0.6561606713747073
0.3039102386066066,535.5658329056636,132.94314507240006,0.6558845093129335
0.3042603656096096,535.4485075233783,133.50072924279,0.6560592097557983
0.30461049261261264,535.3654559071595,133.99476497767924,0.6567358078340138
0.3049606196156156,535.279888417426,134.46084108558713,0.6573308762681226
0.3053107466186186,535.1419378132563,135.05899553629703,0.6584964722843436
0.30566087362162164,534.880058779447,135.83270651085536,0.6598856663026109
0.3060110006246246,534.8798770979217,136.226233890364,0.660303592301909
0.3063611276276276,534.8200070348001,136.71062892147592,0.6604965163186414
0.30671125463063065,534.674758409194,137.3280123957085,0.6626790273200077
0.3070613816336336,534.6806380933423,137.79207627329436,0.6625359641037012
0.30741150863663663,534.7171840233261,138.15129508408717,0.6621545331391923
0.30776163563963965,534.5751566524041,138.76625406444032,0.6632860366061034
0.3081117626426426,534.4433201606191,139.41501461634869,0.6634968185204908
0.30846188964564564,534.4773144979256,139.76088495040426,0.662848189940859
0.30881201664864866,534.4616479551057,140.1695989408628,0.6626254722044256
0.3091621436516517,534.3209946252769,140.76281118121497,0.6635853962785335
0.30951227065465464,534.3474808797536,141.13821435931635,0.6638233404814141
0.30986239765765766,534.3261420961212,141.52340979228384,0.6645172210954977
0.3102125246606607,534.3504103815349,141.8826512346689,0.6647078383061628
0.31056265166366365,534.2637097207607,142.40980610143447,0.6659693462635939
0.31091277866666667,534.1873663538465,142.8267725165445,0.6658025143071229
0.3112629056696697,534.0443250233427,143.4061991062099,0.6665151729216395
0.31161303267267265,533.8226141776563,144.1393045070386,0.6676897856045804
0.31196315967567567,533.6895893326245,144.735812046182,0.668387792066446
0.3123132866786787,533.6704161470359,145.16665944501185,0.6683255289037879
0.31266341368168166,533.5111558588616,145.81233556078368,0.6692556246066034
0.3130135406846847,533.4348027558042,146.3854923882002,0.6689032487340304
0.3133636676876877,533.4300807227755,146.80779210295563,0.6696471121148495
0.3137137946906907,533.3355938955931,147.36245963332775,0.6706044977354848
0.3140639216936937,533.2396306585582,147.95967379569905,0.6719456588852384
0.3144140486966967,533.206588496959,148.45639324026737,0.6724316448214902
0.3147641756996997,533.1954449724402,148.8185361302813,0.672505126074388
0.3151143027027027,533.0538584115944,149.3982519873521,0.6737486276858928
0.3154644297057057,533.0053744332972,149.84414621463893,0.6742223506966564
0.3158145567087087,532.8805485484751,150.37916617160576,0.6739516832314385
0.3161646837117117,532.8184195031206,150.87348051426932,0.674096806962143
0.3165148107147147,532.7741320118316,151.29768212240563,0.6743325259206278
0.31686493771771773,532.69598551064,151.78490262660782,0.6748635031806199
0.3172150647207207,532.6935688528804,152.1913440905311,0.6741046387858514
0.3175651917237237,532.6543438808853,152.7047289765651,0.6741245522999507
0.31791531872672674,532.5977590537325,153.22197464197583,0.6745980260405687
0.3182654457297297,532.5049453788872,153.73507368138505,0.6755298085085112
0.3186155727327327,532.4317684046065,154.2903712204934,0.6760139593911865
0.31896569973573574,532.4887055776512,154.6333549032358,0.6765465412657232
0.31931582673873876,532.2863922969417,155.3336155030222,0.6782458494769895
0.3196659537417417,532.0876220035915,156.0426897586868,0.6800248564823953
0.32001608074474475,532.0161637818378,156.59467228645474,0.6805730016170146
0.32036620774774777,532.1040067513237,156.8929705659521,0.6804480985383896
0.32071633475075073,531.9518338306665,157.55448428107852,0.6814421688819535
0.32106646175375375,532.0027428642975,157.9211268438576,0.6812545560205153
0.32141658875675677,531.9833829013489,158.32679532353276,0.6820394981628932
0.32176671575975974,532.0914434135773,158.6420487808238,0.6808729884698421
0.32211684276276276,532.0635845822691,159.13161610472338,0.6810336845123403
0.3224669697657658,532.0362198204919,159.54396709167793,0.6811387570861025
0.32281709676876874,532.1222530006557,159.83568280644118,0.6806268601358177
0.32316722377177176,532.0151136677257,160.41069929310046,0.680905185114477
0.3235173507747748,531.858524598682,161.00853412968377,0.6820709835507325
0.3238674777777778,531.8364380862818,161.3997888033984,0.6819556097336071
0.32421760478078077,531.7823602541057,161.87663201643645,0.6830304645365507
0.3245677317837838,531.5820006615079,162.57352410224615,0.6836641486452948
0.3249178587867868,531.5163230604478,163.08356791828828,0.6843607139295459
0.32526798578978977,531.4491075555666,163.60875042404138,0.6847114815266374
0.3256181127927928,531.4406998828338,164.05217390724704,0.6849180576962526
0.3259682397957958,531.3345706395161,164.66611578409152,0.6855826424123982
0.3263183667987988,531.2140990566894,165.30686549640734,0.6856015026387737
0.3266684938018018,531.1664034251047,165.77856990253082,0.6859153207228605
0.3270186208048048,531.0502656128043,166.30579394021703,0.6865833932232497
0.3273687478078078,530.9067197388592,166.95146272481747,0.6871308944727652
0.3277188748108108,530.7558407558332,167.53088796939423,0.6870973060227757
0.3280690018138138,530.6567956610435,168.04807255373024,0.6878229839285124
0.32841912881681684,530.6963987906828,168.35547784437728,0.6870799130008789
0.3287692558198198,530.646596926296,168.8666113915771,0.6875739269091686
0.3291193828228228,530.7417857505012,169.14116092308433,0.6874126390383601
0.32946950982582585,530.7112840685844,169.61396600748338,0.6871575519160802
0.3298196368288288,530.8582950701964,169.83793163038388,0.6869107313215365
0.33016976383183183,530.757215093857,170.43085639942,0.6873882047899448
0.33051989083483485,530.8518982897364,170.68199017525316,0.6868575138593924
0.3308700178378378,530.7449548854253,171.26217667356386,0.6872470712077885
0.33122014484084084,530.6216010011144,171.87540793131274,0.6875768199841358
0.33157027184384386,530.4208972272631,172.5317590757732,0.6888867823419771
0.3319203988468468,530.3025937463617,173.0788856863331,0.6892733431950285
0.33227052584984984,530.2633299851711,173.5134894829885,0.6897394101572454
0.33262065285285286,530.2053241244973,174.0856831972001,0.6899830481894925
0.3329707798558559,529.9460609919703,174.8389853224217,0.691677916916303
0.33332090685885885,529.9522751062259,175.24729005261364,0.6916045461171471
0.33367103386186187,529.9503630883283,175.66512080705033,0.6916704727399268
0.3340211608648649,529.8443309781778,176.22972526931187,0.6915372462428975
0.33437128786786785,529.7587193072223,176.7399492874854,0.6914459988023178
0.33472141487087087,529.7552671119877,177.17544570479723,0.6906342509051788
0.3350715418738739,529.8474823522566,177.45395960476208,0.6898345410155866
0.33542166887687686,529.6718646343219,178.1263028704868,0.69102303211784
0.3357717958798799,529.7389850846874,178.4541225017817,0.6906890267899303
0.3361219228828829,529.7422997265546,178.87593395815762,0.6904150710552323
0.33647204988588586,529.7336666459216,179.3068035135808,0.6902910609971232
0.3368221768888889,529.5592098767977,179.9623337341896,0.6911162510104107
0.3371723038918919,529.5403150210902,180.40113621369204,0.690975710572281
0.3375224308948949,529.4276505402632,180.9610067336637,0.6911818079584653
0.3378725578978979,529.2572354544102,181.62580774256324,0.6919629212277378
0.3382226849009009,529.134876415289,182.24544964017483,0.6920236958634097
0.3385728119039039,529.1205750387605,182.68176721603027,0.6919306227634564
0.3389229389069069,529.0110152770021,183.25936977214843,0.6928774801199006
0.3392730659099099,528.8685029623572,183.87914523273756,0.6933030722994085
0.33962319291291293,528.8862328267713,184.2766028718923,0.692818716697373
0.3399733199159159,528.7852345304447,184.81570621324596,0.6932093620376588
0.3403234469189189,528.6186723538704,185.4833002289909,0.6940094135693599
0.34067357392192193,528.5440745195094,185.9389319811148,0.6945961607960927
0.3410237009249249,528.5396135132535,186.3536995255204,0.694602693164105
0.3413738279279279,528.4576451826674,186.88145019685425,0.6951831136335186
0.34172395493093094,528.4600817890633,187.3137279848052,0.6952534311555955
0.34207408193393396,528.4344392247094,187.7635147579294,0.6952977810894808
0.3424242089369369,528.4339565928765,188.1759804353309,0.6954253187887043
0.34277433593993994,528.3199544255949,188.77186577713093,0.6957042796967354
0.34312446294294296,528.275199231359,189.1836283862062,0.6955900809485229
0.34347458994594593,528.1904352515315,189.7149396578468,0.6959039482573445
0.34382471694894895,528.0846500423937,190.2970788336686,0.6960471792865581
0.34417484395195197,527.9597113032373,190.92652123042456,0.6970751599488142
0.34452497095495493,527.9940705282747,191.27031205575994,0.6972408582122016
0.34487509795795795,527.8869599706086,191.8241424960367,0.6981951578072695
0.345225224960961,527.7539611943523,192.4413480309942,0.6991798992048596
0.34557535196396394,527.6923852085389,192.91264555114836,0.699701806753951
0.34592547896696696,527.5602145562123,193.48583828308566,0.7004910574812785
0.34627560596997,527.3464629043403,194.2395346644027,0.7013315904966316
0.34662573297297294,527.2400367669169,194.75353276562834,0.7015986180395505
0.34697585997597596,527.2868593632555,195.11566759391684,0.70056568664363
0.347325986978979,527.195148592805,195.61468030770618,0.7006820221533503
0.347676113981982,527.0286563300509,196.2778472251611,0.7017209622351998
0.34802624098498497,527.0092481117583,196.68961425959105,0.7015299998013064
0.348376367987988,527.0206536211326,197.0601524871512,0.7025296561735758
0.348726494990991,526.9385025052138,197.5946307181012,0.7031490239230385
0.349076621993994,526.8215701004722,198.08961187480256,0.7045818381266429
0.349426748996997,526.7268245821448,198.52872293419466,0.7056825787134553
0.349776876,526.445386054717,199.1824512212212,0.7074726964658844
